Workbook

Sheet Guide
A1: RPG tour par tour : équipements
A2: Classeur de conception : tous les équipements, pour les 3 classes, les 10 slots, les 5 matériaux et les 7 raretés.
A4: OBJECTIF
A5: Contenu | B5: 930 équipements : 3 classes × 10 slots × 5 matériaux × 6 raretés (Commun → Légendaire), plus 30 Uniques. Chaque objet a ses stats selon slot, classe, matériau, rareté et amélioration.
A6: Slots | B6: Chapeau, Armure, Pantalon, Botte, Collier, Anneau 1, Anneau 2, Ceinture, Arme 1, Arme 2. Arme 1 / Arme 2 dépendent de la classe.
A7: ONGLETS
A8: Catalogue | B8: Les 930 objets. Cellule jaune du haut : niveau d'amélioration affiché (0, un nombre ou « max »). Filtres sur chaque colonne.
A9: Calculateur | B9: Un seul objet : classe, slot, rareté, palier, amélioration → nom, stats, passif, ressource et coût du niveau suivant.
A10: Progression | B10: L'objet du Calculateur, de +0 au maximum de son palier : stats, coût de chaque niveau et coût cumulé.
A11: Set complet | B11: 10 slots de même rareté pour une classe, un palier et une amélioration. Cases rouges = plafond conseillé dépassé.
A12: Uniques | B12: Les 30 Uniques : nom, élément, passif, biome de butin, boss qui les lâchent, niveau de base.
A13: Amélioration | B13: Ressource à dépenser pour chaque niveau d'amélioration (1 à 99), par rareté, et total cumulé.
A14: Profils | B14: Le cœur de l'équilibrage : poids de chaque stat pour chacun des 30 couples classe/slot.
A15: Matériaux | B15: Les 5 matériaux de chaque famille, les paliers (niveau de base, amélioration max) et où trouver chaque ressource.
A16: Paramètres | B16: Raretés (multiplicateur, lignes, coût d'amélioration), courbe de niveau, valeur de référence des stats, plafonds, courbe de coût.
A17: CLASSES
A18: Guerrier | B18: Épée + Bouclier. Armure lourde (cuir, fer, acier, mithril, adamantite). Stats : Vitalité, Force, Résistance, Armure. Initiative : bottes, chevalière, ceinturon.
A19: Mage | B19: Bâton + Orbe. Tissu (lin, laine, soie, velours enchanté, étoffe astrale). Stats : Magie, Vitalité, soins, résistances élémentaires. Initiative : bottines, sceau, amulette.
A20: Tireur | B20: Arc + Carquois. Cuir (toile, cuir, cuir clouté, écailles, peau de dragon). Stats : Agilité, Précision, critiques, Pénétration. Initiative : bottes, bague, capuche, carquois (le plus rapide).
A21: VARIANTES ET RARETÉS
A22: Matériau = variante | B22: Chaque type existe en 5 matériaux : Épée en bois, en fer, en acier, en mithril, en adamantite. Un matériau plus haut part d'un niveau plus élevé (1, 15, 30, 50, 70).
A23: Rareté | B23: Chaque variante existe en Commun, Rare, Super rare, Épique, Mythique et Légendaire : Épée en bois Commune … Épée en bois Légendaire, puis Épée en fer Commune … Légendaire, etc.
A24: Unique | B24: Stats (toutes les lignes, ×2,50) + passif, nom unique (ex. Épée de la Mort). Pas de matériau : il part du niveau de son biome et s'améliore jusqu'au niveau 100.
A25: AMÉLIORATION
A26: Principe | B26: Le niveau d'un objet = son amélioration (+0 quand il tombe). Améliorer coûte le matériau de l'objet : une Épée en bois demande un peu de bois au niveau 1, puis un peu plus à chaque niveau.
A27: Plafond | B27: Bois +19 (niv. 1→20), fer +20 (15→35), acier +25 (30→55), mithril +25 (50→75), adamantite +30 (70→100). Pour aller plus loin, il faut passer au matériau suivant.
A28: Coût | B28: Ressource pour le niveau L = arrondi(3 × L^1,25 × multiplicateur de rareté). Une Légendaire coûte 2,5 fois plus qu'une Commune. Pas de temps de fabrication.
A29: FORMULE
A30: Valeur d'une stat | B30: poids du slot × K × multiplicateur de rareté × facteur(niveau effectif), arrondi. Niveau effectif = niveau de base du matériau + amélioration. Facteur : 5 % au niveau 1, 100 % au niveau 100.
A31: Stats par rareté | B31: Une rareté ne débloque que les N stats les mieux classées du profil : 2 (Commun), 3, 4, 5, 6 (Mythique), 7 (Légendaire et Unique).
A32: HYPOTHÈSES À VALIDER
A33: Ressources | B33: Bois, fer, acier, mithril, adamantite, cuir, cuir clouté, écailles, peau de dragon, lin, laine, soie, velours, étoffe astrale viennent du diagramme. Les autres (chêne, quartz, cuivre…) ont une source proposée dans Matériaux.
A34: Butin | B34: Un objet tombe à +0, dans le matériau du palier de l'étage (bois étages 1–14, fer 15–29, acier 30–49, mithril 50–69, adamantite 70+).
A35: Armes | B35: Mage = Bâton + Orbe, Tireur = Arc + Carquois (tu n'avais donné que l'exemple du guerrier).
A36: Anneaux | B36: Anneau 1 (offensif) et Anneau 2 (défensif/utilitaire) sont deux objets distincts.
A37: Valeurs d'équilibrage | B37: Tous les chiffres (K, multiplicateurs, plafonds, coûts) sont des points de départ à ajuster après tests (production des bâtiments notamment).
A38: LÉGENDE
A39: Cellule jaune, texte bleu | B39: Valeur modifiable. Les cellules sans fond jaune sont des formules : ne pas écraser.
A41: MISE À JOUR
A42: Initiative | B42: Nouvelle stat (Paramètres, Profils, Catalogue, Calculateur, Progression, Set complet). Le mana est retiré : les 3 passifs Uniques qui l'utilisaient agissent désormais sur les recharges ou les PV.

Sheet Catalogue
A1: Catalogue des équipements
A2: 930 objets = 3 classes × 10 slots × (5 matériaux × 6 raretés + 1 Unique). Filtres sur chaque colonne.
A3: Niveau d'amélioration affiché | C3: 0 | D3: 0 = objet tel qu'il tombe. Un nombre = même amélioration pour tous (plafonnée par palier). « max » = chaque objet au maximum de son palier.
A5: ID | B5: Classe | C5: Slot | D5: Palier | E5: Matériau | F5: Rareté | G5: Nom | H5: Niveau de base | I5: Amélioration | J5: Niveau effectif | K5: Élément | L5: Vitalité | M5: Force | N5: Résistance | O5: Magie | P5: Agilité | Q5: Initiative | R5: Précision | S5: Chance de critique | T5: Dégâts critiques | U5: Armure | V5: Pénétration | W5: Résistance élémentaire | X5: Bonus de soins | Y5: Résistance aux altérations | Z5: Puissance (pts) | AA5: Passif | AB5: Effet du passif | AC5: Ressource d'amélioration | AD5: Coût du niveau suivant | AE5: (aide) N° profil | AF5: (aide) N° rareté | AG5: (aide) Multipl. | AH5: (aide) Lignes | AI5: (aide) Amélioration max | AJ5: (aide) Facteur
A6: GUE-CHA-P1-COM | B6: Guerrier | C6: Chapeau | D6: 1 | E6: {=INDEX(Matériaux!$B$5:$F$12,MATCH(INDEX(Profils!$E$5:$E$34,$AE6),Matériaux!$A$5:$A$12,0),$D6)} -> cuir | F6: Commun | G6: {=INDEX(Profils!$D$5:$D$34,$AE6)&" en "&$E6} -> Casque en cuir | H6: {=INDEX(Matériaux!$B$16:$B$20,$D6)} -> 1 | I6: =IF(ISNUMBER($C$3),MIN(MAX(0,ROUND($C$3,0)),$AI6),$AI6) -> 0 | J6: =$H6+$I6 -> 1 | K6: — | L6: {=IF(AND(INDEX(Profils!$F$5:$F$34,$AE6)>0,INDEX(Profils!$U$5:$U$34,$AE6)<=$AH6),ROUND(INDEX(Profils!$F$5:$F$34,$AE6)*Paramètres!$E$22*$AG6*$AJ6,Paramètres!$F$22),0)} -> 2 | M6: {=IF(AND(INDEX(Profils!$G$5:$G$34,$AE6)>0,INDEX(Profils!$V$5:$V$34,$AE6)<=$AH6),ROUND(INDEX(Profils!$G$5:$G$34,$AE6)*Paramètres!$E$23*$AG6*$AJ6,Paramètres!$F$23),0)} -> 0 | N6: {=IF(AND(INDEX(Profils!$H$5:$H$34,$AE6)>0,INDEX(Profils!$W$5:$W$34,$AE6)<=$AH6),ROUND(INDEX(Profils!$H$5:$H$34,$AE6)*Paramètres!$E$24*$AG6*$AJ6,Paramètres!$F$24),0)} -> 1 | O6: {=IF(AND(INDEX(Profils!$I$5:$I$34,$AE6)>0,INDEX(Profils!$X$5:$X$34,$AE6)<=$AH6),ROUND(INDEX(Profils!$I$5:$I$34,$AE6)*Paramètres!$E$25*$AG6*$AJ6,Paramètres!$F$25),0)} -> 0 | P6: {=IF(AND(INDEX(Profils!$J$5:$J$34,$AE6)>0,INDEX(Profils!$Y$5:$Y$34,$AE6)<=$AH6),ROUND(INDEX(Profils!$J$5:$J$34,$AE6)*Paramètres!$E$26*$AG6*$AJ6,Paramètres!$F$26),0)} -> 0 | Q6: {=IF(AND(INDEX(Profils!$K$5:$K$34,$AE6)>0,INDEX(Profils!$Z$5:$Z$34,$AE6)<=$AH6),ROUND(INDEX(Profils!$K$5:$K$34,$AE6)*Paramètres!$E$27*$AG6*$AJ6,Paramètres!$F$27),0)} -> 0 | R6: {=IF(AND(INDEX(Profils!$L$5:$L$34,$AE6)>0,INDEX(Profils!$AA$5:$AA$34,$AE6)<=$AH6),ROUND(INDEX(Profils!$L$5:$L$34,$AE6)*Paramètres!$E$28*$AG6*$AJ6,Paramètres!$F$28),0)} -> 0 | S6: {=IF(AND(INDEX(Profils!$M$5:$M$34,$AE6)>0,INDEX(Profils!$AB$5:$AB$34,$AE6)<=$AH6),ROUND(INDEX(Profils!$M$5:$M$34,$AE6)*Paramètres!$E$29*$AG6*$AJ6,Paramètres!$F$29),0)} -> 0 | T6: {=IF(AND(INDEX(Profils!$N$5:$N$34,$AE6)>0,INDEX(Profils!$AC$5:$AC$34,$AE6)<=$AH6),ROUND(INDEX(Profils!$N$5:$N$34,$AE6)*Paramètres!$E$30*$AG6*$AJ6,Paramètres!$F$30),0)} -> 0 | U6: {=IF(AND(INDEX(Profils!$O$5:$O$34,$AE6)>0,INDEX(Profils!$AD$5:$AD$34,$AE6)<=$AH6),ROUND(INDEX(Profils!$O$5:$O$34,$AE6)*Paramètres!$E$31*$AG6*$AJ6,Paramètres!$F$31),0)} -> 0 | V6: {=IF(AND(INDEX(Profils!$P$5:$P$34,$AE6)>0,INDEX(Profils!$AE$5:$AE$34,$AE6)<=$AH6),ROUND(INDEX(Profils!$P$5:$P$34,$AE6)*Paramètres!$E$32*$AG6*$AJ6,Paramètres!$F$32),0)} -> 0 | W6: {=IF(AND(INDEX(Profils!$Q$5:$Q$34,$AE6)>0,INDEX(Profils!$AF$5:$AF$34,$AE6)<=$AH6),ROUND(INDEX(Profils!$Q$5:$Q$34,$AE6)*Paramètres!$E$33*$AG6*$AJ6,Paramètres!$F$33),0)} -> 0 | X6: {=IF(AND(INDEX(Profils!$R$5:$R$34,$AE6)>0,INDEX(Profils!$AG$5:$AG$34,$AE6)<=$AH6),ROUND(INDEX(Profils!$R$5:$R$34,$AE6)*Paramètres!$E$34*$AG6*$AJ6,Paramètres!$F$34),0)} -> 0 | Y6: {=IF(AND(INDEX(Profils!$S$5:$S$34,$AE6)>0,INDEX(Profils!$AH$5:$AH$34,$AE6)<=$AH6),ROUND(INDEX(Profils!$S$5:$S$34,$AE6)*Paramètres!$E$35*$AG6*$AJ6,Paramètres!$F$35),0)} -> 0 | Z6: =ROUND(L6/Paramètres!$E$22+M6/Paramètres!$E$23+N6/Paramètres!$E$24+O6/Paramètres!$E$25+P6/Paramètres!$E$26+Q6/Paramètres!$E$27+R6/Paramètres!$E$28+S6/Paramètres!$E$29+T6/Paramètres!$E$30+U6/Paramètres!$E$31+V6/Paramètres!$E$32+W6/Paramètres!$E$33+X6/Paramètres!$E$34+Y6/Paramètres!$E$35,1) -> 0.1 | AA6: — | AB6: — | AC6: =$E6 -> cuir | AD6: {=IF($I6>=$AI6,"Max",ROUND(Paramètres!$B$40*($I6+1)^Paramètres!$B$41*INDEX(Paramètres!$H$6:$H$12,$AF6),0))} -> 3 | AE6: =MATCH($B6&"|"&$C6,Profils!$A$5:$A$34,0) -> 1 | AF6: 1 | AG6: {=INDEX(Paramètres!$C$6:$C$12,$AF6)} -> 1 | AH6: {=INDEX(Paramètres!$D$6:$D$12,$AF6)} -> 2 | AI6: {=INDEX(Matériaux!$C$16:$C$20,$D6)} -> 19 | AJ6: =Paramètres!$B$16+(1-Paramètres!$B$16)*(($J6-Paramètres!$B$14)/(Paramètres!$B$15-Paramètres!$B$14))^Paramètres!$B$17 -> 0.05
A7: GUE-CHA-P1-RAR | B7: Guerrier | C7: Chapeau | D7: 1 | E7: {=INDEX(Matériaux!$B$5:$F$12,MATCH(INDEX(Profils!$E$5:$E$34,$AE7),Matériaux!$A$5:$A$12,0),$D7)} -> cuir | F7: Rare | G7: {=INDEX(Profils!$D$5:$D$34,$AE7)&" en "&$E7} -> Casque en cuir | H7: {=INDEX(Matériaux!$B$16:$B$20,$D7)} -> 1 | I7: =IF(ISNUMBER($C$3),MIN(MAX(0,ROUND($C$3,0)),$AI7),$AI7) -> 0 | J7: =$H7+$I7 -> 1 | K7: — | L7: {=IF(AND(INDEX(Profils!$F$5:$F$34,$AE7)>0,INDEX(Profils!$U$5:$U$34,$AE7)<=$AH7),ROUND(INDEX(Profils!$F$5:$F$34,$AE7)*Paramètres!$E$22*$AG7*$AJ7,Paramètres!$F$22),0)} -> 2 | M7: {=IF(AND(INDEX(Profils!$G$5:$G$34,$AE7)>0,INDEX(Profils!$V$5:$V$34,$AE7)<=$AH7),ROUND(INDEX(Profils!$G$5:$G$34,$AE7)*Paramètres!$E$23*$AG7*$AJ7,Paramètres!$F$23),0)} -> 0 | N7: {=IF(AND(INDEX(Profils!$H$5:$H$34,$AE7)>0,INDEX(Profils!$W$5:$W$34,$AE7)<=$AH7),ROUND(INDEX(Profils!$H$5:$H$34,$AE7)*Paramètres!$E$24*$AG7*$AJ7,Paramètres!$F$24),0)} -> 1 | O7: {=IF(AND(INDEX(Profils!$I$5:$I$34,$AE7)>0,INDEX(Profils!$X$5:$X$34,$AE7)<=$AH7),ROUND(INDEX(Profils!$I$5:$I$34,$AE7)*Paramètres!$E$25*$AG7*$AJ7,Paramètres!$F$25),0)} -> 0 | P7: {=IF(AND(INDEX(Profils!$J$5:$J$34,$AE7)>0,INDEX(Profils!$Y$5:$Y$34,$AE7)<=$AH7),ROUND(INDEX(Profils!$J$5:$J$34,$AE7)*Paramètres!$E$26*$AG7*$AJ7,Paramètres!$F$26),0)} -> 0 | Q7: {=IF(AND(INDEX(Profils!$K$5:$K$34,$AE7)>0,INDEX(Profils!$Z$5:$Z$34,$AE7)<=$AH7),ROUND(INDEX(Profils!$K$5:$K$34,$AE7)*Paramètres!$E$27*$AG7*$AJ7,Paramètres!$F$27),0)} -> 0 | R7: {=IF(AND(INDEX(Profils!$L$5:$L$34,$AE7)>0,INDEX(Profils!$AA$5:$AA$34,$AE7)<=$AH7),ROUND(INDEX(Profils!$L$5:$L$34,$AE7)*Paramètres!$E$28*$AG7*$AJ7,Paramètres!$F$28),0)} -> 0 | S7: {=IF(AND(INDEX(Profils!$M$5:$M$34,$AE7)>0,INDEX(Profils!$AB$5:$AB$34,$AE7)<=$AH7),ROUND(INDEX(Profils!$M$5:$M$34,$AE7)*Paramètres!$E$29*$AG7*$AJ7,Paramètres!$F$29),0)} -> 0 | T7: {=IF(AND(INDEX(Profils!$N$5:$N$34,$AE7)>0,INDEX(Profils!$AC$5:$AC$34,$AE7)<=$AH7),ROUND(INDEX(Profils!$N$5:$N$34,$AE7)*Paramètres!$E$30*$AG7*$AJ7,Paramètres!$F$30),0)} -> 0 | U7: {=IF(AND(INDEX(Profils!$O$5:$O$34,$AE7)>0,INDEX(Profils!$AD$5:$AD$34,$AE7)<=$AH7),ROUND(INDEX(Profils!$O$5:$O$34,$AE7)*Paramètres!$E$31*$AG7*$AJ7,Paramètres!$F$31),0)} -> 1 | V7: {=IF(AND(INDEX(Profils!$P$5:$P$34,$AE7)>0,INDEX(Profils!$AE$5:$AE$34,$AE7)<=$AH7),ROUND(INDEX(Profils!$P$5:$P$34,$AE7)*Paramètres!$E$32*$AG7*$AJ7,Paramètres!$F$32),0)} -> 0 | W7: {=IF(AND(INDEX(Profils!$Q$5:$Q$34,$AE7)>0,INDEX(Profils!$AF$5:$AF$34,$AE7)<=$AH7),ROUND(INDEX(Profils!$Q$5:$Q$34,$AE7)*Paramètres!$E$33*$AG7*$AJ7,Paramètres!$F$33),0)} -> 0 | X7: {=IF(AND(INDEX(Profils!$R$5:$R$34,$AE7)>0,INDEX(Profils!$AG$5:$AG$34,$AE7)<=$AH7),ROUND(INDEX(Profils!$R$5:$R$34,$AE7)*Paramètres!$E$34*$AG7*$AJ7,Paramètres!$F$34),0)} -> 0 | Y7: {=IF(AND(INDEX(Profils!$S$5:$S$34,$AE7)>0,INDEX(Profils!$AH$5:$AH$34,$AE7)<=$AH7),ROUND(INDEX(Profils!$S$5:$S$34,$AE7)*Paramètres!$E$35*$AG7*$AJ7,Paramètres!$F$35),0)} -> 0 | Z7: =ROUND(L7/Paramètres!$E$22+M7/Paramètres!$E$23+N7/Paramètres!$E$24+O7/Paramètres!$E$25+P7/Paramètres!$E$26+Q7/Paramètres!$E$27+R7/Paramètres!$E$28+S7/Paramètres!$E$29+T7/Paramètres!$E$30+U7/Paramètres!$E$31+V7/Paramètres!$E$32+W7/Paramètres!$E$33+X7/Paramètres!$E$34+Y7/Paramètres!$E$35,1) -> 0.2 | AA7: — | AB7: — | AC7: =$E7 -> cuir | AD7: {=IF($I7>=$AI7,"Max",ROUND(Paramètres!$B$40*($I7+1)^Paramètres!$B$41*INDEX(Paramètres!$H$6:$H$12,$AF7),0))} -> 4 | AE7: =MATCH($B7&"|"&$C7,Profils!$A$5:$A$34,0) -> 1 | AF7: 2 | AG7: {=INDEX(Paramètres!$C$6:$C$12,$AF7)} -> 1.2 | AH7: {=INDEX(Paramètres!$D$6:$D$12,$AF7)} -> 3 | AI7: {=INDEX(Matériaux!$C$16:$C$20,$D7)} -> 19 | AJ7: =Paramètres!$B$16+(1-Paramètres!$B$16)*(($J7-Paramètres!$B$14)/(Paramètres!$B$15-Paramètres!$B$14))^Paramètres!$B$17 -> 0.05
A8: GUE-CHA-P1-SRA | B8: Guerrier | C8: Chapeau | D8: 1 | E8: {=INDEX(Matériaux!$B$5:$F$12,MATCH(INDEX(Profils!$E$5:$E$34,$AE8),Matériaux!$A$5:$A$12,0),$D8)} -> cuir | F8: Super rare | G8: {=INDEX(Profils!$D$5:$D$34,$AE8)&" en "&$E8} -> Casque en cuir | H8: {=INDEX(Matériaux!$B$16:$B$20,$D8)} -> 1 | I8: =IF(ISNUMBER($C$3),MIN(MAX(0,ROUND($C$3,0)),$AI8),$AI8) -> 0 | J8: =$H8+$I8 -> 1 | K8: — | L8: {=IF(AND(INDEX(Profils!$F$5:$F$34,$AE8)>0,INDEX(Profils!$U$5:$U$34,$AE8)<=$AH8),ROUND(INDEX(Profils!$F$5:$F$34,$AE8)*Paramètres!$E$22*$AG8*$AJ8,Paramètres!$F$22),0)} -> 3 | M8: {=IF(AND(INDEX(Profils!$G$5:$G$34,$AE8)>0,INDEX(Profils!$V$5:$V$34,$AE8)<=$AH8),ROUND(INDEX(Profils!$G$5:$G$34,$AE8)*Paramètres!$E$23*$AG8*$AJ8,Paramètres!$F$23),0)} -> 0 | N8: {=IF(AND(INDEX(Profils!$H$5:$H$34,$AE8)>0,INDEX(Profils!$W$5:$W$34,$AE8)<=$AH8),ROUND(INDEX(Profils!$H$5:$H$34,$AE8)*Paramètres!$E$24*$AG8*$AJ8,Paramètres!$F$24),0)} -> 1 | O8: {=IF(AND(INDEX(Profils!$I$5:$I$34,$AE8)>0,INDEX(Profils!$X$5:$X$34,$AE8)<=$AH8),ROUND(INDEX(Profils!$I$5:$I$34,$AE8)*Paramètres!$E$25*$AG8*$AJ8,Paramètres!$F$25),0)} -> 0 | P8: {=IF(AND(INDEX(Profils!$J$5:$J$34,$AE8)>0,INDEX(Profils!$Y$5:$Y$34,$AE8)<=$AH8),ROUND(INDEX(Profils!$J$5:$J$34,$AE8)*Paramètres!$E$26*$AG8*$AJ8,Paramètres!$F$26),0)} -> 0 | Q8: {=IF(AND(INDEX(Profils!$K$5:$K$34,$AE8)>0,INDEX(Profils!$Z$5:$Z$34,$AE8)<=$AH8),ROUND(INDEX(Profils!$K$5:$K$34,$AE8)*Paramètres!$E$27*$AG8*$AJ8,Paramètres!$F$27),0)} -> 0 | R8: {=IF(AND(INDEX(Profils!$L$5:$L$34,$AE8)>0,INDEX(Profils!$AA$5:$AA$34,$AE8)<=$AH8),ROUND(INDEX(Profils!$L$5:$L$34,$AE8)*Paramètres!$E$28*$AG8*$AJ8,Paramètres!$F$28),0)} -> 0 | S8: {=IF(AND(INDEX(Profils!$M$5:$M$34,$AE8)>0,INDEX(Profils!$AB$5:$AB$34,$AE8)<=$AH8),ROUND(INDEX(Profils!$M$5:$M$34,$AE8)*Paramètres!$E$29*$AG8*$AJ8,Paramètres!$F$29),0)} -> 0 | T8: {=IF(AND(INDEX(Profils!$N$5:$N$34,$AE8)>0,INDEX(Profils!$AC$5:$AC$34,$AE8)<=$AH8),ROUND(INDEX(Profils!$N$5:$N$34,$AE8)*Paramètres!$E$30*$AG8*$AJ8,Paramètres!$F$30),0)} -> 0 | U8: {=IF(AND(INDEX(Profils!$O$5:$O$34,$AE8)>0,INDEX(Profils!$AD$5:$AD$34,$AE8)<=$AH8),ROUND(INDEX(Profils!$O$5:$O$34,$AE8)*Paramètres!$E$31*$AG8*$AJ8,Paramètres!$F$31),0)} -> 2 | V8: {=IF(AND(INDEX(Profils!$P$5:$P$34,$AE8)>0,INDEX(Profils!$AE$5:$AE$34,$AE8)<=$AH8),ROUND(INDEX(Profils!$P$5:$P$34,$AE8)*Paramètres!$E$32*$AG8*$AJ8,Paramètres!$F$32),0)} -> 0 | W8: {=IF(AND(INDEX(Profils!$Q$5:$Q$34,$AE8)>0,INDEX(Profils!$AF$5:$AF$34,$AE8)<=$AH8),ROUND(INDEX(Profils!$Q$5:$Q$34,$AE8)*Paramètres!$E$33*$AG8*$AJ8,Paramètres!$F$33),0)} -> 0 | X8: {=IF(AND(INDEX(Profils!$R$5:$R$34,$AE8)>0,INDEX(Profils!$AG$5:$AG$34,$AE8)<=$AH8),ROUND(INDEX(Profils!$R$5:$R$34,$AE8)*Paramètres!$E$34*$AG8*$AJ8,Paramètres!$F$34),0)} -> 0 | Y8: {=IF(AND(INDEX(Profils!$S$5:$S$34,$AE8)>0,INDEX(Profils!$AH$5:$AH$34,$AE8)<=$AH8),ROUND(INDEX(Profils!$S$5:$S$34,$AE8)*Paramètres!$E$35*$AG8*$AJ8,Paramètres!$F$35),0)} -> 0.001 | Z8: =ROUND(L8/Paramètres!$E$22+M8/Paramètres!$E$23+N8/Paramètres!$E$24+O8/Paramètres!$E$25+P8/Paramètres!$E$26+Q8/Paramètres!$E$27+R8/Paramètres!$E$28+S8/Paramètres!$E$29+T8/Paramètres!$E$30+U8/Paramètres!$E$31+V8/Paramètres!$E$32+W8/Paramètres!$E$33+X8/Paramètres!$E$34+Y8/Paramètres!$E$35,1) -> 0.4 | AA8: — | AB8: — | AC8: =$E8 -> cuir | AD8: {=IF($I8>=$AI8,"Max",ROUND(Paramètres!$B$40*($I8+1)^Paramètres!$B$41*INDEX(Paramètres!$H$6:$H$12,$AF8),0))} -> 4 | AE8: =MATCH($B8&"|"&$C8,Profils!$A$5:$A$34,0) -> 1 | AF8: 3 | AG8: {=INDEX(Paramètres!$C$6:$C$12,$AF8)} -> 1.45 | AH8: {=INDEX(Paramètres!$D$6:$D$12,$AF8)} -> 4 | AI8: {=INDEX(Matériaux!$C$16:$C$20,$D8)} -> 19 | AJ8: =Paramètres!$B$16+(1-Paramètres!$B$16)*(($J8-Paramètres!$B$14)/(Paramètres!$B$15-Paramètres!$B$14))^Paramètres!$B$17 -> 0.05
A9: GUE-CHA-P1-EPI | B9: Guerrier | C9: Chapeau | D9: 1 | E9: {=INDEX(Matériaux!$B$5:$F$12,MATCH(INDEX(Profils!$E$5:$E$34,$AE9),Matériaux!$A$5:$A$12,0),$D9)} -> cuir | F9: Épique | G9: {=INDEX(Profils!$D$5:$D$34,$AE9)&" en "&$E9} -> Casque en cuir | H9: {=INDEX(Matériaux!$B$16:$B$20,$D9)} -> 1 | I9: =IF(ISNUMBER($C$3),MIN(MAX(0,ROUND($C$3,0)),$AI9),$AI9) -> 0 | J9: =$H9+$I9 -> 1 | K9: — | L9: {=IF(AND(INDEX(Profils!$F$5:$F$34,$AE9)>0,INDEX(Profils!$U$5:$U$34,$AE9)<=$AH9),ROUND(INDEX(Profils!$F$5:$F$34,$AE9)*Paramètres!$E$22*$AG9*$AJ9,Paramètres!$F$22),0)} -> 4 | M9: {=IF(AND(INDEX(Profils!$G$5:$G$34,$AE9)>0,INDEX(Profils!$V$5:$V$34,$AE9)<=$AH9),ROUND(INDEX(Profils!$G$5:$G$34,$AE9)*Paramètres!$E$23*$AG9*$AJ9,Paramètres!$F$23),0)} -> 0 | N9: {=IF(AND(INDEX(Profils!$H$5:$H$34,$AE9)>0,INDEX(Profils!$W$5:$W$34,$AE9)<=$AH9),ROUND(INDEX(Profils!$H$5:$H$34,$AE9)*Paramètres!$E$24*$AG9*$AJ9,Paramètres!$F$24),0)} -> 2 | O9: {=IF(AND(INDEX(Profils!$I$5:$I$34,$AE9)>0,INDEX(Profils!$X$5:$X$34,$AE9)<=$AH9),ROUND(INDEX(Profils!$I$5:$I$34,$AE9)*Paramètres!$E$25*$AG9*$AJ9,Paramètres!$F$25),0)} -> 0 | P9: {=IF(AND(INDEX(Profils!$J$5:$J$34,$AE9)>0,INDEX(Profils!$Y$5:$Y$34,$AE9)<=$AH9),ROUND(INDEX(Profils!$J$5:$J$34,$AE9)*Paramètres!$E$26*$AG9*$AJ9,Paramètres!$F$26),0)} -> 0 | Q9: {=IF(AND(INDEX(Profils!$K$5:$K$34,$AE9)>0,INDEX(Profils!$Z$5:$Z$34,$AE9)<=$AH9),ROUND(INDEX(Profils!$K$5:$K$34,$AE9)*Paramètres!$E$27*$AG9*$AJ9,Paramètres!$F$27),0)} -> 0 | R9: {=IF(AND(INDEX(Profils!$L$5:$L$34,$AE9)>0,INDEX(Profils!$AA$5:$AA$34,$AE9)<=$AH9),ROUND(INDEX(Profils!$L$5:$L$34,$AE9)*Paramètres!$E$28*$AG9*$AJ9,Paramètres!$F$28),0)} -> 0 | S9: {=IF(AND(INDEX(Profils!$M$5:$M$34,$AE9)>0,INDEX(Profils!$AB$5:$AB$34,$AE9)<=$AH9),ROUND(INDEX(Profils!$M$5:$M$34,$AE9)*Paramètres!$E$29*$AG9*$AJ9,Paramètres!$F$29),0)} -> 0 | T9: {=IF(AND(INDEX(Profils!$N$5:$N$34,$AE9)>0,INDEX(Profils!$AC$5:$AC$34,$AE9)<=$AH9),ROUND(INDEX(Profils!$N$5:$N$34,$AE9)*Paramètres!$E$30*$AG9*$AJ9,Paramètres!$F$30),0)} -> 0 | U9: {=IF(AND(INDEX(Profils!$O$5:$O$34,$AE9)>0,INDEX(Profils!$AD$5:$AD$34,$AE9)<=$AH9),ROUND(INDEX(Profils!$O$5:$O$34,$AE9)*Paramètres!$E$31*$AG9*$AJ9,Paramètres!$F$31),0)} -> 2 | V9: {=IF(AND(INDEX(Profils!$P$5:$P$34,$AE9)>0,INDEX(Profils!$AE$5:$AE$34,$AE9)<=$AH9),ROUND(INDEX(Profils!$P$5:$P$34,$AE9)*Paramètres!$E$32*$AG9*$AJ9,Paramètres!$F$32),0)} -> 0 | W9: {=IF(AND(INDEX(Profils!$Q$5:$Q$34,$AE9)>0,INDEX(Profils!$AF$5:$AF$34,$AE9)<=$AH9),ROUND(INDEX(Profils!$Q$5:$Q$34,$AE9)*Paramètres!$E$33*$AG9*$AJ9,Paramètres!$F$33),0)} -> 0.001 | X9: {=IF(AND(INDEX(Profils!$R$5:$R$34,$AE9)>0,INDEX(Profils!$AG$5:$AG$34,$AE9)<=$AH9),ROUND(INDEX(Profils!$R$5:$R$34,$AE9)*Paramètres!$E$34*$AG9*$AJ9,Paramètres!$F$34),0)} -> 0 | Y9: {=IF(AND(INDEX(Profils!$S$5:$S$34,$AE9)>0,INDEX(Profils!$AH$5:$AH$34,$AE9)<=$AH9),ROUND(INDEX(Profils!$S$5:$S$34,$AE9)*Paramètres!$E$35*$AG9*$AJ9,Paramètres!$F$35),0)} -> 0.001 | Z9: =ROUND(L9/Paramètres!$E$22+M9/Paramètres!$E$23+N9/Paramètres!$E$24+O9/Paramètres!$E$25+P9/Paramètres!$E$26+Q9/Paramètres!$E$27+R9/Paramètres!$E$28+S9/Paramètres!$E$29+T9/Paramètres!$E$30+U9/Paramètres!$E$31+V9/Paramètres!$E$32+W9/Paramètres!$E$33+X9/Paramètres!$E$34+Y9/Paramètres!$E$35,1) -> 0.5 | AA9: — | AB9: — | AC9: =$E9 -> cuir | AD9: {=IF($I9>=$AI9,"Max",ROUND(Paramètres!$B$40*($I9+1)^Paramètres!$B$41*INDEX(Paramètres!$H$6:$H$12,$AF9),0))} -> 5 | AE9: =MATCH($B9&"|"&$C9,Profils!$A$5:$A$34,0) -> 1 | AF9: 4 | AG9: {=INDEX(Paramètres!$C$6:$C$12,$AF9)} -> 1.75 | AH9: {=INDEX(Paramètres!$D$6:$D$12,$AF9)} -> 5 | AI9: {=INDEX(Matériaux!$C$16:$C$20,$D9)} -> 19 | AJ9: =Paramètres!$B$16+(1-Paramètres!$B$16)*(($J9-Paramètres!$B$14)/(Paramètres!$B$15-Paramètres!$B$14))^Paramètres!$B$17 -> 0.05
A10: GUE-CHA-P1-MYT | B10: Guerrier | C10: Chapeau | D10: 1 | E10: {=INDEX(Matériaux!$B$5:$F$12,MATCH(INDEX(Profils!$E$5:$E$34,$AE10),Matériaux!$A$5:$A$12,0),$D10)} -> cuir | F10: Mythique | G10: {=INDEX(Profils!$D$5:$D$34,$AE10)&" en "&$E10} -> Casque en cuir | H10: {=INDEX(Matériaux!$B$16:$B$20,$D10)} -> 1 | I10: =IF(ISNUMBER($C$3),MIN(MAX(0,ROUND($C$3,0)),$AI10),$AI10) -> 0 | J10: =$H10+$I10 -> 1 | K10: — | L10: {=IF(AND(INDEX(Profils!$F$5:$F$34,$AE10)>0,INDEX(Profils!$U$5:$U$34,$AE10)<=$AH10),ROUND(INDEX(Profils!$F$5:$F$34,$AE10)*Paramètres!$E$22*$AG10*$AJ10,Paramètres!$F$22),0)} -> 4 | M10: {=IF(AND(INDEX(Profils!$G$5:$G$34,$AE10)>0,INDEX(Profils!$V$5:$V$34,$AE10)<=$AH10),ROUND(INDEX(Profils!$G$5:$G$34,$AE10)*Paramètres!$E$23*$AG10*$AJ10,Paramètres!$F$23),0)} -> 1 | N10: {=IF(AND(INDEX(Profils!$H$5:$H$34,$AE10)>0,INDEX(Profils!$W$5:$W$34,$AE10)<=$AH10),ROUND(INDEX(Profils!$H$5:$H$34,$AE10)*Paramètres!$E$24*$AG10*$AJ10,Paramètres!$F$24),0)} -> 2 | O10: {=IF(AND(INDEX(Profils!$I$5:$I$34,$AE10)>0,INDEX(Profils!$X$5:$X$34,$AE10)<=$AH10),ROUND(INDEX(Profils!$I$5:$I$34,$AE10)*Paramètres!$E$25*$AG10*$AJ10,Paramètres!$F$25),0)} -> 0 | P10: {=IF(AND(INDEX(Profils!$J$5:$J$34,$AE10)>0,INDEX(Profils!$Y$5:$Y$34,$AE10)<=$AH10),ROUND(INDEX(Profils!$J$5:$J$34,$AE10)*Paramètres!$E$26*$AG10*$AJ10,Paramètres!$F$26),0)} -> 0 | Q10: {=IF(AND(INDEX(Profils!$K$5:$K$34,$AE10)>0,INDEX(Profils!$Z$5:$Z$34,$AE10)<=$AH10),ROUND(INDEX(Profils!$K$5:$K$34,$AE10)*Paramètres!$E$27*$AG10*$AJ10,Paramètres!$F$27),0)} -> 0 | R10: {=IF(AND(INDEX(Profils!$L$5:$L$34,$AE10)>0,INDEX(Profils!$AA$5:$AA$34,$AE10)<=$AH10),ROUND(INDEX(Profils!$L$5:$L$34,$AE10)*Paramètres!$E$28*$AG10*$AJ10,Paramètres!$F$28),0)} -> 0 | S10: {=IF(AND(INDEX(Profils!$M$5:$M$34,$AE10)>0,INDEX(Profils!$AB$5:$AB$34,$AE10)<=$AH10),ROUND(INDEX(Profils!$M$5:$M$34,$AE10)*Paramètres!$E$29*$AG10*$AJ10,Paramètres!$F$29),0)} -> 0 | T10: {=IF(AND(INDEX(Profils!$N$5:$N$34,$AE10)>0,INDEX(Profils!$AC$5:$AC$34,$AE10)<=$AH10),ROUND(INDEX(Profils!$N$5:$N$34,$AE10)*Paramètres!$E$30*$AG10*$AJ10,Paramètres!$F$30),0)} -> 0 | U10: {=IF(AND(INDEX(Profils!$O$5:$O$34,$AE10)>0,INDEX(Profils!$AD$5:$AD$34,$AE10)<=$AH10),ROUND(INDEX(Profils!$O$5:$O$34,$AE10)*Paramètres!$E$31*$AG10*$AJ10,Paramètres!$F$31),0)} -> 3 | V10: {=IF(AND(INDEX(Profils!$P$5:$P$34,$AE10)>0,INDEX(Profils!$AE$5:$AE$34,$AE10)<=$AH10),ROUND(INDEX(Profils!$P$5:$P$34,$AE10)*Paramètres!$E$32*$AG10*$AJ10,Paramètres!$F$32),0)} -> 0 | W10: {=IF(AND(INDEX(Profils!$Q$5:$Q$34,$AE10)>0,INDEX(Profils!$AF$5:$AF$34,$AE10)<=$AH10),ROUND(INDEX(Profils!$Q$5:$Q$34,$AE10)*Paramètres!$E$33*$AG10*$AJ10,Paramètres!$F$33),0)} -> 0.001 | X10: {=IF(AND(INDEX(Profils!$R$5:$R$34,$AE10)>0,INDEX(Profils!$AG$5:$AG$34,$AE10)<=$AH10),ROUND(INDEX(Profils!$R$5:$R$34,$AE10)*Paramètres!$E$34*$AG10*$AJ10,Paramètres!$F$34),0)} -> 0 | Y10: {=IF(AND(INDEX(Profils!$S$5:$S$34,$AE10)>0,INDEX(Profils!$AH$5:$AH$34,$AE10)<=$AH10),ROUND(INDEX(Profils!$S$5:$S$34,$AE10)*Paramètres!$E$35*$AG10*$AJ10,Paramètres!$F$35),0)} -> 0.002 | Z10: =ROUND(L10/Paramètres!$E$22+M10/Paramètres!$E$23+N10/Paramètres!$E$24+O10/Paramètres!$E$25+P10/Paramètres!$E$26+Q10/Paramètres!$E$27+R10/Paramètres!$E$28+S10/Paramètres!$E$29+T10/Paramètres!$E$30+U10/Paramètres!$E$31+V10/Paramètres!$E$32+W10/Paramètres!$E$33+X10/Paramètres!$E$34+Y10/Paramètres!$E$35,1) -> 0.7 | AA10: — | AB10: — | AC10: =$E10 -> cuir | AD10: {=IF($I10>=$AI10,"Max",ROUND(Paramètres!$B$40*($I10+1)^Paramètres!$B$41*INDEX(Paramètres!$H$6:$H$12,$AF10),0))} -> 6 | AE10: =MATCH($B10&"|"&$C10,Profils!$A$5:$A$34,0) -> 1 | AF10: 5 | AG10: {=INDEX(Paramètres!$C$6:$C$12,$AF10)} -> 2.1 | AH10: {=INDEX(Paramètres!$D$6:$D$12,$AF10)} -> 6 | AI10: {=INDEX(Matériaux!$C$16:$C$20,$D10)} -> 19 | AJ10: =Paramètres!$B$16+(1-Paramètres!$B$16)*(($J10-Paramètres!$B$14)/(Paramètres!$B$15-Paramètres!$B$14))^Paramètres!$B$17 -> 0.05
A11: GUE-CHA-P1-LEG | B11: Guerrier | C11: Chapeau | D11: 1 | E11: {=INDEX(Matériaux!$B$5:$F$12,MATCH(INDEX(Profils!$E$5:$E$34,$AE11),Matériaux!$A$5:$A$12,0),$D11)} -> cuir | F11: Légendaire | G11: {=INDEX(Profils!$D$5:$D$34,$AE11)&" en "&$E11} -> Casque en cuir | H11: {=INDEX(Matériaux!$B$16:$B$20,$D11)} -> 1 | I11: =IF(ISNUMBER($C$3),MIN(MAX(0,ROUND($C$3,0)),$AI11),$AI11) -> 0 | J11: =$H11+$I11 -> 1 | K11: — | L11: {=IF(AND(INDEX(Profils!$F$5:$F$34,$AE11)>0,INDEX(Profils!$U$5:$U$34,$AE11)<=$AH11),ROUND(INDEX(Profils!$F$5:$F$34,$AE11)*Paramètres!$E$22*$AG11*$AJ11,Paramètres!$F$22),0)} -> 5 | M11: {=IF(AND(INDEX(Profils!$G$5:$G$34,$AE11)>0,INDEX(Profils!$V$5:$V$34,$AE11)<=$AH11),ROUND(INDEX(Profils!$G$5:$G$34,$AE11)*Paramètres!$E$23*$AG11*$AJ11,Paramètres!$F$23),0)} -> 1 | N11: {=IF(AND(INDEX(Profils!$H$5:$H$34,$AE11)>0,INDEX(Profils!$W$5:$W$34,$AE11)<=$AH11),ROUND(INDEX(Profils!$H$5:$H$34,$AE11)*Paramètres!$E$24*$AG11*$AJ11,Paramètres!$F$24),0)} -> 2 | O11: {=IF(AND(INDEX(Profils!$I$5:$I$34,$AE11)>0,INDEX(Profils!$X$5:$X$34,$AE11)<=$AH11),ROUND(INDEX(Profils!$I$5:$I$34,$AE11)*Paramètres!$E$25*$AG11*$AJ11,Paramètres!$F$25),0)} -> 0 | P11: {=IF(AND(INDEX(Profils!$J$5:$J$34,$AE11)>0,INDEX(Profils!$Y$5:$Y$34,$AE11)<=$AH11),ROUND(INDEX(Profils!$J$5:$J$34,$AE11)*Paramètres!$E$26*$AG11*$AJ11,Paramètres!$F$26),0)} -> 0 | Q11: {=IF(AND(INDEX(Profils!$K$5:$K$34,$AE11)>0,INDEX(Profils!$Z$5:$Z$34,$AE11)<=$AH11),ROUND(INDEX(Profils!$K$5:$K$34,$AE11)*Paramètres!$E$27*$AG11*$AJ11,Paramètres!$F$27),0)} -> 0 | R11: {=IF(AND(INDEX(Profils!$L$5:$L$34,$AE11)>0,INDEX(Profils!$AA$5:$AA$34,$AE11)<=$AH11),ROUND(INDEX(Profils!$L$5:$L$34,$AE11)*Paramètres!$E$28*$AG11*$AJ11,Paramètres!$F$28),0)} -> 0.001 | S11: {=IF(AND(INDEX(Profils!$M$5:$M$34,$AE11)>0,INDEX(Profils!$AB$5:$AB$34,$AE11)<=$AH11),ROUND(INDEX(Profils!$M$5:$M$34,$AE11)*Paramètres!$E$29*$AG11*$AJ11,Paramètres!$F$29),0)} -> 0 | T11: {=IF(AND(INDEX(Profils!$N$5:$N$34,$AE11)>0,INDEX(Profils!$AC$5:$AC$34,$AE11)<=$AH11),ROUND(INDEX(Profils!$N$5:$N$34,$AE11)*Paramètres!$E$30*$AG11*$AJ11,Paramètres!$F$30),0)} -> 0 | U11: {=IF(AND(INDEX(Profils!$O$5:$O$34,$AE11)>0,INDEX(Profils!$AD$5:$AD$34,$AE11)<=$AH11),ROUND(INDEX(Profils!$O$5:$O$34,$AE11)*Paramètres!$E$31*$AG11*$AJ11,Paramètres!$F$31),0)} -> 3 | V11: {=IF(AND(INDEX(Profils!$P$5:$P$34,$AE11)>0,INDEX(Profils!$AE$5:$AE$34,$AE11)<=$AH11),ROUND(INDEX(Profils!$P$5:$P$34,$AE11)*Paramètres!$E$32*$AG11*$AJ11,Paramètres!$F$32),0)} -> 0 | W11: {=IF(AND(INDEX(Profils!$Q$5:$Q$34,$AE11)>0,INDEX(Profils!$AF$5:$AF$34,$AE11)<=$AH11),ROUND(INDEX(Profils!$Q$5:$Q$34,$AE11)*Paramètres!$E$33*$AG11*$AJ11,Paramètres!$F$33),0)} -> 0.001 | X11: {=IF(AND(INDEX(Profils!$R$5:$R$34,$AE11)>0,INDEX(Profils!$AG$5:$AG$34,$AE11)<=$AH11),ROUND(INDEX(Profils!$R$5:$R$34,$AE11)*Paramètres!$E$34*$AG11*$AJ11,Paramètres!$F$34),0)} -> 0 | Y11: {=IF(AND(INDEX(Profils!$S$5:$S$34,$AE11)>0,INDEX(Profils!$AH$5:$AH$34,$AE11)<=$AH11),ROUND(INDEX(Profils!$S$5:$S$34,$AE11)*Paramètres!$E$35*$AG11*$AJ11,Paramètres!$F$35),0)} -> 0.002 | Z11: =ROUND(L11/Paramètres!$E$22+M11/Paramètres!$E$23+N11/Paramètres!$E$24+O11/Paramètres!$E$25+P11/Paramètres!$E$26+Q11/Paramètres!$E$27+R11/Paramètres!$E$28+S11/Paramètres!$E$29+T11/Paramètres!$E$30+U11/Paramètres!$E$31+V11/Paramètres!$E$32+W11/Paramètres!$E$33+X11/Paramètres!$E$34+Y11/Paramètres!$E$35,1) -> 0.8 | AA11: — | AB11: — | AC11: =$E11 -> cuir | AD11: {=IF($I11>=$AI11,"Max",ROUND(Paramètres!$B$40*($I11+1)^Paramètres!$B$41*INDEX(Paramètres!$H$6:$H$12,$AF11),0))} -> 8 | AE11: =MATCH($B11&"|"&$C11,Profils!$A$5:$A$34,0) -> 1 | AF11: 6 | AG11: {=INDEX(Paramètres!$C$6:$C$12,$AF11)} -> 2.4 | AH11: {=INDEX(Paramètres!$D$6:$D$12,$AF11)} -> 7 | AI11: {=INDEX(Matériaux!$C$16:$C$20,$D11)} -> 19 | AJ11: =Paramètres!$B$16+(1-Paramètres!$B$16)*(($J11-Paramètres!$B$14)/(Paramètres!$B$15-Paramètres!$B$14))^Paramètres!$B$17 -> 0.05
A12: GUE-CHA-P2-COM | B12: Guerrier | C12: Chapeau | D12: 2 | E12: {=INDEX(Matériaux!$B$5:$F$12,MATCH(INDEX(Profils!$E$5:$E$34,$AE12),Matériaux!$A$5:$A$12,0),$D12)} -> fer | F12: Commun | G12: {=INDEX(Profils!$D$5:$D$34,$AE12)&" en "&$E12} -> Casque en fer | H12: {=INDEX(Matériaux!$B$16:$B$20,$D12)} -> 15 | I12: =IF(ISNUMBER($C$3),MIN(MAX(0,ROUND($C$3,0)),$AI12),$AI12) -> 0 | J12: =$H12+$I12 -> 15 | K12: — | L12: {=IF(AND(INDEX(Profils!$F$5:$F$34,$AE12)>0,INDEX(Profils!$U$5:$U$34,$AE12)<=$AH12),ROUND(INDEX(Profils!$F$5:$F$34,$AE12)*Paramètres!$E$22*$AG12*$AJ12,Paramètres!$F$22),0)} -> 6 | M12: {=IF(AND(INDEX(Profils!$G$5:$G$34,$AE12)>0,INDEX(Profils!$V$5:$V$34,$AE12)<=$AH12),ROUND(INDEX(Profils!$G$5:$G$34,$AE12)*Paramètres!$E$23*$AG12*$AJ12,Paramètres!$F$23),0)} -> 0 | N12: {=IF(AND(INDEX(Profils!$H$5:$H$34,$AE12)>0,INDEX(Profils!$W$5:$W$34,$AE12)<=$AH12),ROUND(INDEX(Profils!$H$5:$H$34,$AE12)*Paramètres!$E$24*$AG12*$AJ12,Paramètres!$F$24),0)} -> 3 | O12: {=IF(AND(INDEX(Profils!$I$5:$I$34,$AE12)>0,INDEX(Profils!$X$5:$X$34,$AE12)<=$AH12),ROUND(INDEX(Profils!$I$5:$I$34,$AE12)*Paramètres!$E$25*$AG12*$AJ12,Paramètres!$F$25),0)} -> 0 | P12: {=IF(AND(INDEX(Profils!$J$5:$J$34,$AE12)>0,INDEX(Profils!$Y$5:$Y$34,$AE12)<=$AH12),ROUND(INDEX(Profils!$J$5:$J$34,$AE12)*Paramètres!$E$26*$AG12*$AJ12,Paramètres!$F$26),0)} -> 0 | Q12: {=IF(AND(INDEX(Profils!$K$5:$K$34,$AE12)>0,INDEX(Profils!$Z$5:$Z$34,$AE12)<=$AH12),ROUND(INDEX(Profils!$K$5:$K$34,$AE12)*Paramètres!$E$27*$AG12*$AJ12,Paramètres!$F$27),0)} -> 0 | R12: {=IF(AND(INDEX(Profils!$L$5:$L$34,$AE12)>0,INDEX(Profils!$AA$5:$AA$34,$AE12)<=$AH12),ROUND(INDEX(Profils!$L$5:$L$34,$AE12)*Paramètres!$E$28*$AG12*$AJ12,Paramètres!$F$28),0)} -> 0 | S12: {=IF(AND(INDEX(Profils!$M$5:$M$34,$AE12)>0,INDEX(Profils!$AB$5:$AB$34,$AE12)<=$AH12),ROUND(INDEX(Profils!$M$5:$M$34,$AE12)*Paramètres!$E$29*$AG12*$AJ12,Paramètres!$F$29),0)} -> 0 | T12: {=IF(AND(INDEX(Profils!$N$5:$N$34,$AE12)>0,INDEX(Profils!$AC$5:$AC$34,$AE12)<=$AH12),ROUND(INDEX(Profils!$N$5:$N$34,$AE12)*Paramètres!$E$30*$AG12*$AJ12,Paramètres!$F$30),0)} -> 0 | U12: {=IF(AND(INDEX(Profils!$O$5:$O$34,$AE12)>0,INDEX(Profils!$AD$5:$AD$34,$AE12)<=$AH12),ROUND(INDEX(Profils!$O$5:$O$34,$AE12)*Paramètres!$E$31*$AG12*$AJ12,Paramètres!$F$31),0)} -> 0 | V12: {=IF(AND(INDEX(Profils!$P$5:$P$34,$AE12)>0,INDEX(Profils!$AE$5:$AE$34,$AE12)<=$AH12),ROUND(INDEX(Profils!$P$5:$P$34,$AE12)*Paramètres!$E$32*$AG12*$AJ12,Paramètres!$F$32),0)} -> 0 | W12: {=IF(AND(INDEX(Profils!$Q$5:$Q$34,$AE12)>0,INDEX(Profils!$AF$5:$AF$34,$AE12)<=$AH12),ROUND(INDEX(Profils!$Q$5:$Q$34,$AE12)*Paramètres!$E$33*$AG12*$AJ12,Paramètres!$F$33),0)} -> 0 | X12: {=IF(AND(INDEX(Profils!$R$5:$R$34,$AE12)>0,INDEX(Profils!$AG$5:$AG$34,$AE12)<=$AH12),ROUND(INDEX(Profils!$R$5:$R$34,$AE12)*Paramètres!$E$34*$AG12*$AJ12,Paramètres!$F$34),0)} -> 0 | Y12: {=IF(AND(INDEX(Profils!$S$5:$S$34,$AE12)>0,INDEX(Profils!$AH$5:$AH$34,$AE12)<=$AH12),ROUND(INDEX(Profils!$S$5:$S$34,$AE12)*Paramètres!$E$35*$AG12*$AJ12,Paramètres!$F$35),0)} -> 0 | Z12: =ROUND(L12/Paramètres!$E$22+M12/Paramètres!$E$23+N12/Paramètres!$E$24+O12/Paramètres!$E$25+P12/Paramètres!$E$26+Q12/Paramètres!$E$27+R12/Paramètres!$E$28+S12/Paramètres!$E$29+T12/Paramètres!$E$30+U12/Paramètres!$E$31+V12/Paramètres!$E$32+W12/Paramètres!$E$33+X12/Paramètres!$E$34+Y12/Paramètres!$E$35,1) -> 0.4 | AA12: — | AB12: — | AC12: =$E12 -> fer | AD12: {=IF($I12>=$AI12,"Max",ROUND(Paramètres!$B$40*($I12+1)^Paramètres!$B$41*INDEX(Paramètres!$H$6:$H$12,$AF12),0))} -> 3 | AE12: =MATCH($B12&"|"&$C12,Profils!$A$5:$A$34,0) -> 1 | AF12: 1 | AG12: {=INDEX(Paramètres!$C$6:$C$12,$AF12)} -> 1 | AH12: {=INDEX(Paramètres!$D$6:$D$12,$AF12)} -> 2 | AI12: {=INDEX(Matériaux!$C$16:$C$20,$D12)} -> 20 | AJ12: =Paramètres!$B$16+(1-Paramètres!$B$16)*(($J12-Paramètres!$B$14)/(Paramètres!$B$15-Paramètres!$B$14))^Paramètres!$B$17 -> 0.14084793
A13: GUE-CHA-P2-RAR | B13: Guerrier | C13: Chapeau | D13: 2 | E13: {=INDEX(Matériaux!$B$5:$F$12,MATCH(INDEX(Profils!$E$5:$E$34,$AE13),Matériaux!$A$5:$A$12,0),$D13)} -> fer | F13: Rare | G13: {=INDEX(Profils!$D$5:$D$34,$AE13)&" en "&$E13} -> Casque en fer | H13: {=INDEX(Matériaux!$B$16:$B$20,$D13)} -> 15 | I13: =IF(ISNUMBER($C$3),MIN(MAX(0,ROUND($C$3,0)),$AI13),$AI13) -> 0 | J13: =$H13+$I13 -> 15 | K13: — | L13: {=IF(AND(INDEX(Profils!$F$5:$F$34,$AE13)>0,INDEX(Profils!$U$5:$U$34,$AE13)<=$AH13),ROUND(INDEX(Profils!$F$5:$F$34,$AE13)*Paramètres!$E$22*$AG13*$AJ13,Paramètres!$F$22),0)} -> 7 | M13: {=IF(AND(INDEX(Profils!$G$5:$G$34,$AE13)>0,INDEX(Profils!$V$5:$V$34,$AE13)<=$AH13),ROUND(INDEX(Profils!$G$5:$G$34,$AE13)*Paramètres!$E$23*$AG13*$AJ13,Paramètres!$F$23),0)} -> 0 | N13: {=IF(AND(INDEX(Profils!$H$5:$H$34,$AE13)>0,INDEX(Profils!$W$5:$W$34,$AE13)<=$AH13),ROUND(INDEX(Profils!$H$5:$H$34,$AE13)*Paramètres!$E$24*$AG13*$AJ13,Paramètres!$F$24),0)} -> 3 | O13: {=IF(AND(INDEX(Profils!$I$5:$I$34,$AE13)>0,INDEX(Profils!$X$5:$X$34,$AE13)<=$AH13),ROUND(INDEX(Profils!$I$5:$I$34,$AE13)*Paramètres!$E$25*$AG13*$AJ13,Paramètres!$F$25),0)} -> 0 | P13: {=IF(AND(INDEX(Profils!$J$5:$J$34,$AE13)>0,INDEX(Profils!$Y$5:$Y$34,$AE13)<=$AH13),ROUND(INDEX(Profils!$J$5:$J$34,$AE13)*Paramètres!$E$26*$AG13*$AJ13,Paramètres!$F$26),0)} -> 0 | Q13: {=IF(AND(INDEX(Profils!$K$5:$K$34,$AE13)>0,INDEX(Profils!$Z$5:$Z$34,$AE13)<=$AH13),ROUND(INDEX(Profils!$K$5:$K$34,$AE13)*Paramètres!$E$27*$AG13*$AJ13,Paramètres!$F$27),0)} -> 0 | R13: {=IF(AND(INDEX(Profils!$L$5:$L$34,$AE13)>0,INDEX(Profils!$AA$5:$AA$34,$AE13)<=$AH13),ROUND(INDEX(Profils!$L$5:$L$34,$AE13)*Paramètres!$E$28*$AG13*$AJ13,Paramètres!$F$28),0)} -> 0 | S13: {=IF(AND(INDEX(Profils!$M$5:$M$34,$AE13)>0,INDEX(Profils!$AB$5:$AB$34,$AE13)<=$AH13),ROUND(INDEX(Profils!$M$5:$M$34,$AE13)*Paramètres!$E$29*$AG13*$AJ13,Paramètres!$F$29),0)} -> 0 | T13: {=IF(AND(INDEX(Profils!$N$5:$N$34,$AE13)>0,INDEX(Profils!$AC$5:$AC$34,$AE13)<=$AH13),ROUND(INDEX(Profils!$N$5:$N$34,$AE13)*Paramètres!$E$30*$AG13*$AJ13,Paramètres!$F$30),0)} -> 0 | U13: {=IF(AND(INDEX(Profils!$O$5:$O$34,$AE13)>0,INDEX(Profils!$AD$5:$AD$34,$AE13)<=$AH13),ROUND(INDEX(Profils!$O$5:$O$34,$AE13)*Paramètres!$E$31*$AG13*$AJ13,Paramètres!$F$31),0)} -> 4 | V13: {=IF(AND(INDEX(Profils!$P$5:$P$34,$AE13)>0,INDEX(Profils!$AE$5:$AE$34,$AE13)<=$AH13),ROUND(INDEX(Profils!$P$5:$P$34,$AE13)*Paramètres!$E$32*$AG13*$AJ13,Paramètres!$F$32),0)} -> 0 | W13: {=IF(AND(INDEX(Profils!$Q$5:$Q$34,$AE13)>0,INDEX(Profils!$AF$5:$AF$34,$AE13)<=$AH13),ROUND(INDEX(Profils!$Q$5:$Q$34,$AE13)*Paramètres!$E$33*$AG13*$AJ13,Paramètres!$F$33),0)} -> 0 | X13: {=IF(AND(INDEX(Profils!$R$5:$R$34,$AE13)>0,INDEX(Profils!$AG$5:$AG$34,$AE13)<=$AH13),ROUND(INDEX(Profils!$R$5:$R$34,$AE13)*Paramètres!$E$34*$AG13*$AJ13,Paramètres!$F$34),0)} -> 0 | Y13: {=IF(AND(INDEX(Profils!$S$5:$S$34,$AE13)>0,INDEX(Profils!$AH$5:$AH$34,$AE13)<=$AH13),ROUND(INDEX(Profils!$S$5:$S$34,$AE13)*Paramètres!$E$35*$AG13*$AJ13,Paramètres!$F$35),0)} -> 0 | Z13: =ROUND(L13/Paramètres!$E$22+M13/Paramètres!$E$23+N13/Paramètres!$E$24+O13/Paramètres!$E$25+P13/Paramètres!$E$26+Q13/Paramètres!$E$27+R13/Paramètres!$E$28+S13/Paramètres!$E$29+T13/Paramètres!$E$30+U13/Paramètres!$E$31+V13/Paramètres!$E$32+W13/Paramètres!$E$33+X13/Paramètres!$E$34+Y13/Paramètres!$E$35,1) -> 0.7 | AA13: — | AB13: — | AC13: =$E13 -> fer | AD13: {=IF($I13>=$AI13,"Max",ROUND(Paramètres!$B$40*($I13+1)^Paramètres!$B$41*INDEX(Paramètres!$H$6:$H$12,$AF13),0))} -> 4 | AE13: =MATCH($B13&"|"&$C13,Profils!$A$5:$A$34,0) -> 1 | AF13: 2 | AG13: {=INDEX(Paramètres!$C$6:$C$12,$AF13)} -> 1.2 | AH13: {=INDEX(Paramètres!$D$6:$D$12,$AF13)} -> 3 | AI13: {=INDEX(Matériaux!$C$16:$C$20,$D13)} -> 20 | AJ13: =Paramètres!$B$16+(1-Paramètres!$B$16)*(($J13-Paramètres!$B$14)/(Paramètres!$B$15-Paramètres!$B$14))^Paramètres!$B$17 -> 0.14084793
A14: GUE-CHA-P2-SRA | B14: Guerrier | C14: Chapeau | D14: 2 | E14: {=INDEX(Matériaux!$B$5:$F$12,MATCH(INDEX(Profils!$E$5:$E$34,$AE14),Matériaux!$A$5:$A$12,0),$D14)} -> fer | F14: Super rare | G14: {=INDEX(Profils!$D$5:$D$34,$AE14)&" en "&$E14} -> Casque en fer | H14: {=INDEX(Matériaux!$B$16:$B$20,$D14)} -> 15 | I14: =IF(ISNUMBER($C$3),MIN(MAX(0,ROUND($C$3,0)),$AI14),$AI14) -> 0 | J14: =$H14+$I14 -> 15 | K14: — | L14: {=IF(AND(INDEX(Profils!$F$5:$F$34,$AE14)>0,INDEX(Profils!$U$5:$U$34,$AE14)<=$AH14),ROUND(INDEX(Profils!$F$5:$F$34,$AE14)*Paramètres!$E$22*$AG14*$AJ14,Paramètres!$F$22),0)} -> 8 | M14: {=IF(AND(INDEX(Profils!$G$5:$G$34,$AE14)>0,INDEX(Profils!$V$5:$V$34,$AE14)<=$AH14),ROUND(INDEX(Profils!$G$5:$G$34,$AE14)*Paramètres!$E$23*$AG14*$AJ14,Paramètres!$F$23),0)} -> 0 | N14: {=IF(AND(INDEX(Profils!$H$5:$H$34,$AE14)>0,INDEX(Profils!$W$5:$W$34,$AE14)<=$AH14),ROUND(INDEX(Profils!$H$5:$H$34,$AE14)*Paramètres!$E$24*$AG14*$AJ14,Paramètres!$F$24),0)} -> 4 | O14: {=IF(AND(INDEX(Profils!$I$5:$I$34,$AE14)>0,INDEX(Profils!$X$5:$X$34,$AE14)<=$AH14),ROUND(INDEX(Profils!$I$5:$I$34,$AE14)*Paramètres!$E$25*$AG14*$AJ14,Paramètres!$F$25),0)} -> 0 | P14: {=IF(AND(INDEX(Profils!$J$5:$J$34,$AE14)>0,INDEX(Profils!$Y$5:$Y$34,$AE14)<=$AH14),ROUND(INDEX(Profils!$J$5:$J$34,$AE14)*Paramètres!$E$26*$AG14*$AJ14,Paramètres!$F$26),0)} -> 0 | Q14: {=IF(AND(INDEX(Profils!$K$5:$K$34,$AE14)>0,INDEX(Profils!$Z$5:$Z$34,$AE14)<=$AH14),ROUND(INDEX(Profils!$K$5:$K$34,$AE14)*Paramètres!$E$27*$AG14*$AJ14,Paramètres!$F$27),0)} -> 0 | R14: {=IF(AND(INDEX(Profils!$L$5:$L$34,$AE14)>0,INDEX(Profils!$AA$5:$AA$34,$AE14)<=$AH14),ROUND(INDEX(Profils!$L$5:$L$34,$AE14)*Paramètres!$E$28*$AG14*$AJ14,Paramètres!$F$28),0)} -> 0 | S14: {=IF(AND(INDEX(Profils!$M$5:$M$34,$AE14)>0,INDEX(Profils!$AB$5:$AB$34,$AE14)<=$AH14),ROUND(INDEX(Profils!$M$5:$M$34,$AE14)*Paramètres!$E$29*$AG14*$AJ14,Paramètres!$F$29),0)} -> 0 | T14: {=IF(AND(INDEX(Profils!$N$5:$N$34,$AE14)>0,INDEX(Profils!$AC$5:$AC$34,$AE14)<=$AH14),ROUND(INDEX(Profils!$N$5:$N$34,$AE14)*Paramètres!$E$30*$AG14*$AJ14,Paramètres!$F$30),0)} -> 0 | U14: {=IF(AND(INDEX(Profils!$O$5:$O$34,$AE14)>0,INDEX(Profils!$AD$5:$AD$34,$AE14)<=$AH14),ROUND(INDEX(Profils!$O$5:$O$34,$AE14)*Paramètres!$E$31*$AG14*$AJ14,Paramètres!$F$31),0)} -> 5 | V14: {=IF(AND(INDEX(Profils!$P$5:$P$34,$AE14)>0,INDEX(Profils!$AE$5:$AE$34,$AE14)<=$AH14),ROUND(INDEX(Profils!$P$5:$P$34,$AE14)*Paramètres!$E$32*$AG14*$AJ14,Paramètres!$F$32),0)} -> 0 | W14: {=IF(AND(INDEX(Profils!$Q$5:$Q$34,$AE14)>0,INDEX(Profils!$AF$5:$AF$34,$AE14)<=$AH14),ROUND(INDEX(Profils!$Q$5:$Q$34,$AE14)*Paramètres!$E$33*$AG14*$AJ14,Paramètres!$F$33),0)} -> 0 | X14: {=IF(AND(INDEX(Profils!$R$5:$R$34,$AE14)>0,INDEX(Profils!$AG$5:$AG$34,$AE14)<=$AH14),ROUND(INDEX(Profils!$R$5:$R$34,$AE14)*Paramètres!$E$34*$AG14*$AJ14,Paramètres!$F$34),0)} -> 0 | Y14: {=IF(AND(INDEX(Profils!$S$5:$S$34,$AE14)>0,INDEX(Profils!$AH$5:$AH$34,$AE14)<=$AH14),ROUND(INDEX(Profils!$S$5:$S$34,$AE14)*Paramètres!$E$35*$AG14*$AJ14,Paramètres!$F$35),0)} -> 0.003 | Z14: =ROUND(L14/Paramètres!$E$22+M14/Paramètres!$E$23+N14/Paramètres!$E$24+O14/Paramètres!$E$25+P14/Paramètres!$E$26+Q14/Paramètres!$E$27+R14/Paramètres!$E$28+S14/Paramètres!$E$29+T14/Paramètres!$E$30+U14/Paramètres!$E$31+V14/Paramètres!$E$32+W14/Paramètres!$E$33+X14/Paramètres!$E$34+Y14/Paramètres!$E$35,1) -> 1 | AA14: — | AB14: — | AC14: =$E14 -> fer | AD14: {=IF($I14>=$AI14,"Max",ROUND(Paramètres!$B$40*($I14+1)^Paramètres!$B$41*INDEX(Paramètres!$H$6:$H$12,$AF14),0))} -> 4 | AE14: =MATCH($B14&"|"&$C14,Profils!$A$5:$A$34,0) -> 1 | AF14: 3 | AG14: {=INDEX(Paramètres!$C$6:$C$12,$AF14)} -> 1.45 | AH14: {=INDEX(Paramètres!$D$6:$D$12,$AF14)} -> 4 | AI14: {=INDEX(Matériaux!$C$16:$C$20,$D14)} -> 20 | AJ14: =Paramètres!$B$16+(1-Paramètres!$B$16)*(($J14-Paramètres!$B$14)/(Paramètres!$B$15-Paramètres!$B$14))^Paramètres!$B$17 -> 0.14084793
A15: GUE-CHA-P2-EPI | B15: Guerrier | C15: Chapeau | D15: 2 | E15: {=INDEX(Matériaux!$B$5:$F$12,MATCH(INDEX(Profils!$E$5:$E$34,$AE15),Matériaux!$A$5:$A$12,0),$D15)} -> fer | F15: Épique | G15: {=INDEX(Profils!$D$5:$D$34,$AE15)&" en "&$E15} -> Casque en fer | H15: {=INDEX(Matériaux!$B$16:$B$20,$D15)} -> 15 | I15: =IF(ISNUMBER($C$3),MIN(MAX(0,ROUND($C$3,0)),$AI15),$AI15) -> 0 | J15: =$H15+$I15 -> 15 | K15: — | L15: {=IF(AND(INDEX(Profils!$F$5:$F$34,$AE15)>0,INDEX(Profils!$U$5:$U$34,$AE15)<=$AH15),ROUND(INDEX(Profils!$F$5:$F$34,$AE15)*Paramètres!$E$22*$AG15*$AJ15,Paramètres!$F$22),0)} -> 10 | M15: {=IF(AND(INDEX(Profils!$G$5:$G$34,$AE15)>0,INDEX(Profils!$V$5:$V$34,$AE15)<=$AH15),ROUND(INDEX(Profils!$G$5:$G$34,$AE15)*Paramètres!$E$23*$AG15*$AJ15,Paramètres!$F$23),0)} -> 0 | N15: {=IF(AND(INDEX(Profils!$H$5:$H$34,$AE15)>0,INDEX(Profils!$W$5:$W$34,$AE15)<=$AH15),ROUND(INDEX(Profils!$H$5:$H$34,$AE15)*Paramètres!$E$24*$AG15*$AJ15,Paramètres!$F$24),0)} -> 4 | O15: {=IF(AND(INDEX(Profils!$I$5:$I$34,$AE15)>0,INDEX(Profils!$X$5:$X$34,$AE15)<=$AH15),ROUND(INDEX(Profils!$I$5:$I$34,$AE15)*Paramètres!$E$25*$AG15*$AJ15,Paramètres!$F$25),0)} -> 0 | P15: {=IF(AND(INDEX(Profils!$J$5:$J$34,$AE15)>0,INDEX(Profils!$Y$5:$Y$34,$AE15)<=$AH15),ROUND(INDEX(Profils!$J$5:$J$34,$AE15)*Paramètres!$E$26*$AG15*$AJ15,Paramètres!$F$26),0)} -> 0 | Q15: {=IF(AND(INDEX(Profils!$K$5:$K$34,$AE15)>0,INDEX(Profils!$Z$5:$Z$34,$AE15)<=$AH15),ROUND(INDEX(Profils!$K$5:$K$34,$AE15)*Paramètres!$E$27*$AG15*$AJ15,Paramètres!$F$27),0)} -> 0 | R15: {=IF(AND(INDEX(Profils!$L$5:$L$34,$AE15)>0,INDEX(Profils!$AA$5:$AA$34,$AE15)<=$AH15),ROUND(INDEX(Profils!$L$5:$L$34,$AE15)*Paramètres!$E$28*$AG15*$AJ15,Paramètres!$F$28),0)} -> 0 | S15: {=IF(AND(INDEX(Profils!$M$5:$M$34,$AE15)>0,INDEX(Profils!$AB$5:$AB$34,$AE15)<=$AH15),ROUND(INDEX(Profils!$M$5:$M$34,$AE15)*Paramètres!$E$29*$AG15*$AJ15,Paramètres!$F$29),0)} -> 0 | T15: {=IF(AND(INDEX(Profils!$N$5:$N$34,$AE15)>0,INDEX(Profils!$AC$5:$AC$34,$AE15)<=$AH15),ROUND(INDEX(Profils!$N$5:$N$34,$AE15)*Paramètres!$E$30*$AG15*$AJ15,Paramètres!$F$30),0)} -> 0 | U15: {=IF(AND(INDEX(Profils!$O$5:$O$34,$AE15)>0,INDEX(Profils!$AD$5:$AD$34,$AE15)<=$AH15),ROUND(INDEX(Profils!$O$5:$O$34,$AE15)*Paramètres!$E$31*$AG15*$AJ15,Paramètres!$F$31),0)} -> 6 | V15: {=IF(AND(INDEX(Profils!$P$5:$P$34,$AE15)>0,INDEX(Profils!$AE$5:$AE$34,$AE15)<=$AH15),ROUND(INDEX(Profils!$P$5:$P$34,$AE15)*Paramètres!$E$32*$AG15*$AJ15,Paramètres!$F$32),0)} -> 0 | W15: {=IF(AND(INDEX(Profils!$Q$5:$Q$34,$AE15)>0,INDEX(Profils!$AF$5:$AF$34,$AE15)<=$AH15),ROUND(INDEX(Profils!$Q$5:$Q$34,$AE15)*Paramètres!$E$33*$AG15*$AJ15,Paramètres!$F$33),0)} -> 0.002 | X15: {=IF(AND(INDEX(Profils!$R$5:$R$34,$AE15)>0,INDEX(Profils!$AG$5:$AG$34,$AE15)<=$AH15),ROUND(INDEX(Profils!$R$5:$R$34,$AE15)*Paramètres!$E$34*$AG15*$AJ15,Paramètres!$F$34),0)} -> 0 | Y15: {=IF(AND(INDEX(Profils!$S$5:$S$34,$AE15)>0,INDEX(Profils!$AH$5:$AH$34,$AE15)<=$AH15),ROUND(INDEX(Profils!$S$5:$S$34,$AE15)*Paramètres!$E$35*$AG15*$AJ15,Paramètres!$F$35),0)} -> 0.004 | Z15: =ROUND(L15/Paramètres!$E$22+M15/Paramètres!$E$23+N15/Paramètres!$E$24+O15/Paramètres!$E$25+P15/Paramètres!$E$26+Q15/Paramètres!$E$27+R15/Paramètres!$E$28+S15/Paramètres!$E$29+T15/Paramètres!$E$30+U15/Paramètres!$E$31+V15/Paramètres!$E$32+W15/Paramètres!$E$33+X15/Paramètres!$E$34+Y15/Paramètres!$E$35,1) -> 1.4 | AA15: — | AB15: — | AC15: =$E15 -> fer | AD15: {=IF($I15>=$AI15,"Max",ROUND(Paramètres!$B$40*($I15+1)^Paramètres!$B$41*INDEX(Paramètres!$H$6:$H$12,$AF15),0))} -> 5 | AE15: =MATCH($B15&"|"&$C15,Profils!$A$5:$A$34,0) -> 1 | AF15: 4 | AG15: {=INDEX(Paramètres!$C$6:$C$12,$AF15)} -> 1.75 | AH15: {=INDEX(Paramètres!$D$6:$D$12,$AF15)} -> 5 | AI15: {=INDEX(Matériaux!$C$16:$C$20,$D15)} -> 20 | AJ15: =Paramètres!$B$16+(1-Paramètres!$B$16)*(($J15-Paramètres!$B$14)/(Paramètres!$B$15-Paramètres!$B$14))^Paramètres!$B$17 -> 0.14084793
A16: GUE-CHA-P2-MYT | B16: Guerrier | C16: Chapeau | D16: 2 | E16: {=INDEX(Matériaux!$B$5:$F$12,MATCH(INDEX(Profils!$E$5:$E$34,$AE16),Matériaux!$A$5:$A$12,0),$D16)} -> fer | F16: Mythique | G16: {=INDEX(Profils!$D$5:$D$34,$AE16)&" en "&$E16} -> Casque en fer | H16: {=INDEX(Matériaux!$B$16:$B$20,$D16)} -> 15 | I16: =IF(ISNUMBER($C$3),MIN(MAX(0,ROUND($C$3,0)),$AI16),$AI16) -> 0 | J16: =$H16+$I16 -> 15 | K16: — | L16: {=IF(AND(INDEX(Profils!$F$5:$F$34,$AE16)>0,INDEX(Profils!$U$5:$U$34,$AE16)<=$AH16),ROUND(INDEX(Profils!$F$5:$F$34,$AE16)*Paramètres!$E$22*$AG16*$AJ16,Paramètres!$F$22),0)} -> 12 | M16: {=IF(AND(INDEX(Profils!$G$5:$G$34,$AE16)>0,INDEX(Profils!$V$5:$V$34,$AE16)<=$AH16),ROUND(INDEX(Profils!$G$5:$G$34,$AE16)*Paramètres!$E$23*$AG16*$AJ16,Paramètres!$F$23),0)} -> 2 | N16: {=IF(AND(INDEX(Profils!$H$5:$H$34,$AE16)>0,INDEX(Profils!$W$5:$W$34,$AE16)<=$AH16),ROUND(INDEX(Profils!$H$5:$H$34,$AE16)*Paramètres!$E$24*$AG16*$AJ16,Paramètres!$F$24),0)} -> 5 | O16: {=IF(AND(INDEX(Profils!$I$5:$I$34,$AE16)>0,INDEX(Profils!$X$5:$X$34,$AE16)<=$AH16),ROUND(INDEX(Profils!$I$5:$I$34,$AE16)*Paramètres!$E$25*$AG16*$AJ16,Paramètres!$F$25),0)} -> 0 | P16: {=IF(AND(INDEX(Profils!$J$5:$J$34,$AE16)>0,INDEX(Profils!$Y$5:$Y$34,$AE16)<=$AH16),ROUND(INDEX(Profils!$J$5:$J$34,$AE16)*Paramètres!$E$26*$AG16*$AJ16,Paramètres!$F$26),0)} -> 0 | Q16: {=IF(AND(INDEX(Profils!$K$5:$K$34,$AE16)>0,INDEX(Profils!$Z$5:$Z$34,$AE16)<=$AH16),ROUND(INDEX(Profils!$K$5:$K$34,$AE16)*Paramètres!$E$27*$AG16*$AJ16,Paramètres!$F$27),0)} -> 0 | R16: {=IF(AND(INDEX(Profils!$L$5:$L$34,$AE16)>0,INDEX(Profils!$AA$5:$AA$34,$AE16)<=$AH16),ROUND(INDEX(Profils!$L$5:$L$34,$AE16)*Paramètres!$E$28*$AG16*$AJ16,Paramètres!$F$28),0)} -> 0 | S16: {=IF(AND(INDEX(Profils!$M$5:$M$34,$AE16)>0,INDEX(Profils!$AB$5:$AB$34,$AE16)<=$AH16),ROUND(INDEX(Profils!$M$5:$M$34,$AE16)*Paramètres!$E$29*$AG16*$AJ16,Paramètres!$F$29),0)} -> 0 | T16: {=IF(AND(INDEX(Profils!$N$5:$N$34,$AE16)>0,INDEX(Profils!$AC$5:$AC$34,$AE16)<=$AH16),ROUND(INDEX(Profils!$N$5:$N$34,$AE16)*Paramètres!$E$30*$AG16*$AJ16,Paramètres!$F$30),0)} -> 0 | U16: {=IF(AND(INDEX(Profils!$O$5:$O$34,$AE16)>0,INDEX(Profils!$AD$5:$AD$34,$AE16)<=$AH16),ROUND(INDEX(Profils!$O$5:$O$34,$AE16)*Paramètres!$E$31*$AG16*$AJ16,Paramètres!$F$31),0)} -> 7 | V16: {=IF(AND(INDEX(Profils!$P$5:$P$34,$AE16)>0,INDEX(Profils!$AE$5:$AE$34,$AE16)<=$AH16),ROUND(INDEX(Profils!$P$5:$P$34,$AE16)*Paramètres!$E$32*$AG16*$AJ16,Paramètres!$F$32),0)} -> 0 | W16: {=IF(AND(INDEX(Profils!$Q$5:$Q$34,$AE16)>0,INDEX(Profils!$AF$5:$AF$34,$AE16)<=$AH16),ROUND(INDEX(Profils!$Q$5:$Q$34,$AE16)*Paramètres!$E$33*$AG16*$AJ16,Paramètres!$F$33),0)} -> 0.003 | X16: {=IF(AND(INDEX(Profils!$R$5:$R$34,$AE16)>0,INDEX(Profils!$AG$5:$AG$34,$AE16)<=$AH16),ROUND(INDEX(Profils!$R$5:$R$34,$AE16)*Paramètres!$E$34*$AG16*$AJ16,Paramètres!$F$34),0)} -> 0 | Y16: {=IF(AND(INDEX(Profils!$S$5:$S$34,$AE16)>0,INDEX(Profils!$AH$5:$AH$34,$AE16)<=$AH16),ROUND(INDEX(Profils!$S$5:$S$34,$AE16)*Paramètres!$E$35*$AG16*$AJ16,Paramètres!$F$35),0)} -> 0.004 | Z16: =ROUND(L16/Paramètres!$E$22+M16/Paramètres!$E$23+N16/Paramètres!$E$24+O16/Paramètres!$E$25+P16/Paramètres!$E$26+Q16/Paramètres!$E$27+R16/Paramètres!$E$28+S16/Paramètres!$E$29+T16/Paramètres!$E$30+U16/Paramètres!$E$31+V16/Paramètres!$E$32+W16/Paramètres!$E$33+X16/Paramètres!$E$34+Y16/Paramètres!$E$35,1) -> 1.8 | AA16: — | AB16: — | AC16: =$E16 -> fer | AD16: {=IF($I16>=$AI16,"Max",ROUND(Paramètres!$B$40*($I16+1)^Paramètres!$B$41*INDEX(Paramètres!$H$6:$H$12,$AF16),0))} -> 6 | AE16: =MATCH($B16&"|"&$C16,Profils!$A$5:$A$34,0) -> 1 | AF16: 5 | AG16: {=INDEX(Paramètres!$C$6:$C$12,$AF16)} -> 2.1 | AH16: {=INDEX(Paramètres!$D$6:$D$12,$AF16)} -> 6 | AI16: {=INDEX(Matériaux!$C$16:$C$20,$D16)} -> 20 | AJ16: =Paramètres!$B$16+(1-Paramètres!$B$16)*(($J16-Paramètres!$B$14)/(Paramètres!$B$15-Paramètres!$B$14))^Paramètres!$B$17 -> 0.14084793
A17: GUE-CHA-P2-LEG | B17: Guerrier | C17: Chapeau | D17: 2 | E17: {=INDEX(Matériaux!$B$5:$F$12,MATCH(INDEX(Profils!$E$5:$E$34,$AE17),Matériaux!$A$5:$A$12,0),$D17)} -> fer | F17: Légendaire | G17: {=INDEX(Profils!$D$5:$D$34,$AE17)&" en "&$E17} -> Casque en fer | H17: {=INDEX(Matériaux!$B$16:$B$20,$D17)} -> 15 | I17: =IF(ISNUMBER($C$3),MIN(MAX(0,ROUND($C$3,0)),$AI17),$AI17) -> 0 | J17: =$H17+$I17 -> 15 | K17: — | L17: {=IF(AND(INDEX(Profils!$F$5:$F$34,$AE17)>0,INDEX(Profils!$U$5:$U$34,$AE17)<=$AH17),ROUND(INDEX(Profils!$F$5:$F$34,$AE17)*Paramètres!$E$22*$AG17*$AJ17,Paramètres!$F$22),0)} -> 14 | M17: {=IF(AND(INDEX(Profils!$G$5:$G$34,$AE17)>0,INDEX(Profils!$V$5:$V$34,$AE17)<=$AH17),ROUND(INDEX(Profils!$G$5:$G$34,$AE17)*Paramètres!$E$23*$AG17*$AJ17,Paramètres!$F$23),0)} -> 3 | N17: {=IF(AND(INDEX(Profils!$H$5:$H$34,$AE17)>0,INDEX(Profils!$W$5:$W$34,$AE17)<=$AH17),ROUND(INDEX(Profils!$H$5:$H$34,$AE17)*Paramètres!$E$24*$AG17*$AJ17,Paramètres!$F$24),0)} -> 6 | O17: {=IF(AND(INDEX(Profils!$I$5:$I$34,$AE17)>0,INDEX(Profils!$X$5:$X$34,$AE17)<=$AH17),ROUND(INDEX(Profils!$I$5:$I$34,$AE17)*Paramètres!$E$25*$AG17*$AJ17,Paramètres!$F$25),0)} -> 0 | P17: {=IF(AND(INDEX(Profils!$J$5:$J$34,$AE17)>0,INDEX(Profils!$Y$5:$Y$34,$AE17)<=$AH17),ROUND(INDEX(Profils!$J$5:$J$34,$AE17)*Paramètres!$E$26*$AG17*$AJ17,Paramètres!$F$26),0)} -> 0 | Q17: {=IF(AND(INDEX(Profils!$K$5:$K$34,$AE17)>0,INDEX(Profils!$Z$5:$Z$34,$AE17)<=$AH17),ROUND(INDEX(Profils!$K$5:$K$34,$AE17)*Paramètres!$E$27*$AG17*$AJ17,Paramètres!$F$27),0)} -> 0 | R17: {=IF(AND(INDEX(Profils!$L$5:$L$34,$AE17)>0,INDEX(Profils!$AA$5:$AA$34,$AE17)<=$AH17),ROUND(INDEX(Profils!$L$5:$L$34,$AE17)*Paramètres!$E$28*$AG17*$AJ17,Paramètres!$F$28),0)} -> 0.002 | S17: {=IF(AND(INDEX(Profils!$M$5:$M$34,$AE17)>0,INDEX(Profils!$AB$5:$AB$34,$AE17)<=$AH17),ROUND(INDEX(Profils!$M$5:$M$34,$AE17)*Paramètres!$E$29*$AG17*$AJ17,Paramètres!$F$29),0)} -> 0 | T17: {=IF(AND(INDEX(Profils!$N$5:$N$34,$AE17)>0,INDEX(Profils!$AC$5:$AC$34,$AE17)<=$AH17),ROUND(INDEX(Profils!$N$5:$N$34,$AE17)*Paramètres!$E$30*$AG17*$AJ17,Paramètres!$F$30),0)} -> 0 | U17: {=IF(AND(INDEX(Profils!$O$5:$O$34,$AE17)>0,INDEX(Profils!$AD$5:$AD$34,$AE17)<=$AH17),ROUND(INDEX(Profils!$O$5:$O$34,$AE17)*Paramètres!$E$31*$AG17*$AJ17,Paramètres!$F$31),0)} -> 8 | V17: {=IF(AND(INDEX(Profils!$P$5:$P$34,$AE17)>0,INDEX(Profils!$AE$5:$AE$34,$AE17)<=$AH17),ROUND(INDEX(Profils!$P$5:$P$34,$AE17)*Paramètres!$E$32*$AG17*$AJ17,Paramètres!$F$32),0)} -> 0 | W17: {=IF(AND(INDEX(Profils!$Q$5:$Q$34,$AE17)>0,INDEX(Profils!$AF$5:$AF$34,$AE17)<=$AH17),ROUND(INDEX(Profils!$Q$5:$Q$34,$AE17)*Paramètres!$E$33*$AG17*$AJ17,Paramètres!$F$33),0)} -> 0.003 | X17: {=IF(AND(INDEX(Profils!$R$5:$R$34,$AE17)>0,INDEX(Profils!$AG$5:$AG$34,$AE17)<=$AH17),ROUND(INDEX(Profils!$R$5:$R$34,$AE17)*Paramètres!$E$34*$AG17*$AJ17,Paramètres!$F$34),0)} -> 0 | Y17: {=IF(AND(INDEX(Profils!$S$5:$S$34,$AE17)>0,INDEX(Profils!$AH$5:$AH$34,$AE17)<=$AH17),ROUND(INDEX(Profils!$S$5:$S$34,$AE17)*Paramètres!$E$35*$AG17*$AJ17,Paramètres!$F$35),0)} -> 0.005 | Z17: =ROUND(L17/Paramètres!$E$22+M17/Paramètres!$E$23+N17/Paramètres!$E$24+O17/Paramètres!$E$25+P17/Paramètres!$E$26+Q17/Paramètres!$E$27+R17/Paramètres!$E$28+S17/Paramètres!$E$29+T17/Paramètres!$E$30+U17/Paramètres!$E$31+V17/Paramètres!$E$32+W17/Paramètres!$E$33+X17/Paramètres!$E$34+Y17/Paramètres!$E$35,1) -> 2.2 | AA17: — | AB17: — | AC17: =$E17 -> fer | AD17: {=IF($I17>=$AI17,"Max",ROUND(Paramètres!$B$40*($I17+1)^Paramètres!$B$41*INDEX(Paramètres!$H$6:$H$12,$AF17),0))} -> 8 | AE17: =MATCH($B17&"|"&$C17,Profils!$A$5:$A$34,0) -> 1 | AF17: 6 | AG17: {=INDEX(Paramètres!$C$6:$C$12,$AF17)} -> 2.4 | AH17: {=INDEX(Paramètres!$D$6:$D$12,$AF17)} -> 7 | AI17: {=INDEX(Matériaux!$C$16:$C$20,$D17)} -> 20 | AJ17: =Paramètres!$B$16+(1-Paramètres!$B$16)*(($J17-Paramètres!$B$14)/(Paramètres!$B$15-Paramètres!$B$14))^Paramètres!$B$17 -> 0.14084793
... A35: GUE-CHA-P5-LEG | B35: Guerrier | C35: Chapeau | D35: 5 | E35: {=INDEX(Matériaux!$B$5:$F$12,MATCH(INDEX(Profils!$E$5:$E$34,$AE35),Matériaux!$A$5:$A$12,0),$D35)} -> adamantite | F35: Légendaire | G35: {=INDEX(Profils!$D$5:$D$34,$AE35)&" en "&$E35} -> Casque en adamantite | H35: {=INDEX(Matériaux!$B$16:$B$20,$D35)} -> 70 | I35: =IF(ISNUMBER($C$3),MIN(MAX(0,ROUND($C$3,0)),$AI35),$AI35) -> 0 | J35: =$H35+$I35 -> 70 | K35: — | L35: {=IF(AND(INDEX(Profils!$F$5:$F$34,$AE35)>0,INDEX(Profils!$U$5:$U$34,$AE35)<=$AH35),ROUND(INDEX(Profils!$F$5:$F$34,$AE35)*Paramètres!$E$22*$AG35*$AJ35,Paramètres!$F$22),0)} -> 64 | M35: {=IF(AND(INDEX(Profils!$G$5:$G$34,$AE35)>0,INDEX(Profils!$V$5:$V$34,$AE35)<=$AH35),ROUND(INDEX(Profils!$G$5:$G$34,$AE35)*Paramètres!$E$23*$AG35*$AJ35,Paramètres!$F$23),0)} -> 12 | N35: {=IF(AND(INDEX(Profils!$H$5:$H$34,$AE35)>0,INDEX(Profils!$W$5:$W$34,$AE35)<=$AH35),ROUND(INDEX(Profils!$H$5:$H$34,$AE35)*Paramètres!$E$24*$AG35*$AJ35,Paramètres!$F$24),0)} -> 29 | O35: {=IF(AND(INDEX(Profils!$I$5:$I$34,$AE35)>0,INDEX(Profils!$X$5:$X$34,$AE35)<=$AH35),ROUND(INDEX(Profils!$I$5:$I$34,$AE35)*Paramètres!$E$25*$AG35*$AJ35,Paramètres!$F$25),0)} -> 0 | P35: {=IF(AND(INDEX(Profils!$J$5:$J$34,$AE35)>0,INDEX(Profils!$Y$5:$Y$34,$AE35)<=$AH35),ROUND(INDEX(Profils!$J$5:$J$34,$AE35)*Paramètres!$E$26*$AG35*$AJ35,Paramètres!$F$26),0)} -> 0 | Q35: {=IF(AND(INDEX(Profils!$K$5:$K$34,$AE35)>0,INDEX(Profils!$Z$5:$Z$34,$AE35)<=$AH35),ROUND(INDEX(Profils!$K$5:$K$34,$AE35)*Paramètres!$E$27*$AG35*$AJ35,Paramètres!$F$27),0)} -> 0 | R35: {=IF(AND(INDEX(Profils!$L$5:$L$34,$AE35)>0,INDEX(Profils!$AA$5:$AA$34,$AE35)<=$AH35),ROUND(INDEX(Profils!$L$5:$L$34,$AE35)*Paramètres!$E$28*$AG35*$AJ35,Paramètres!$F$28),0)} -> 0.01 | S35: {=IF(AND(INDEX(Profils!$M$5:$M$34,$AE35)>0,INDEX(Profils!$AB$5:$AB$34,$AE35)<=$AH35),ROUND(INDEX(Profils!$M$5:$M$34,$AE35)*Paramètres!$E$29*$AG35*$AJ35,Paramètres!$F$29),0)} -> 0 | T35: {=IF(AND(INDEX(Profils!$N$5:$N$34,$AE35)>0,INDEX(Profils!$AC$5:$AC$34,$AE35)<=$AH35),ROUND(INDEX(Profils!$N$5:$N$34,$AE35)*Paramètres!$E$30*$AG35*$AJ35,Paramètres!$F$30),0)} -> 0 | U35: {=IF(AND(INDEX(Profils!$O$5:$O$34,$AE35)>0,INDEX(Profils!$AD$5:$AD$34,$AE35)<=$AH35),ROUND(INDEX(Profils!$O$5:$O$34,$AE35)*Paramètres!$E$31*$AG35*$AJ35,Paramètres!$F$31),0)} -> 38 | V35: {=IF(AND(INDEX(Profils!$P$5:$P$34,$AE35)>0,INDEX(Profils!$AE$5:$AE$34,$AE35)<=$AH35),ROUND(INDEX(Profils!$P$5:$P$34,$AE35)*Paramètres!$E$32*$AG35*$AJ35,Paramètres!$F$32),0)} -> 0 | W35: {=IF(AND(INDEX(Profils!$Q$5:$Q$34,$AE35)>0,INDEX(Profils!$AF$5:$AF$34,$AE35)<=$AH35),ROUND(INDEX(Profils!$Q$5:$Q$34,$AE35)*Paramètres!$E$33*$AG35*$AJ35,Paramètres!$F$33),0)} -> 0.014 | X35: {=IF(AND(INDEX(Profils!$R$5:$R$34,$AE35)>0,INDEX(Profils!$AG$5:$AG$34,$AE35)<=$AH35),ROUND(INDEX(Profils!$R$5:$R$34,$AE35)*Paramètres!$E$34*$AG35*$AJ35,Paramètres!$F$34),0)} -> 0 | Y35: {=IF(AND(INDEX(Profils!$S$5:$S$34,$AE35)>0,INDEX(Profils!$AH$5:$AH$34,$AE35)<=$AH35),ROUND(INDEX(Profils!$S$5:$S$34,$AE35)*Paramètres!$E$35*$AG35*$AJ35,Paramètres!$F$35),0)} -> 0.024 | Z35: =ROUND(L35/Paramètres!$E$22+M35/Paramètres!$E$23+N35/Paramètres!$E$24+O35/Paramètres!$E$25+P35/Paramètres!$E$26+Q35/Paramètres!$E$27+R35/Paramètres!$E$28+S35/Paramètres!$E$29+T35/Paramètres!$E$30+U35/Paramètres!$E$31+V35/Paramètres!$E$32+W35/Paramètres!$E$33+X35/Paramètres!$E$34+Y35/Paramètres!$E$35,1) -> 10.4 | AA35: — | AB35: — | AC35: =$E35 -> adamantite | AD35: {=IF($I35>=$AI35,"Max",ROUND(Paramètres!$B$40*($I35+1)^Paramètres!$B$41*INDEX(Paramètres!$H$6:$H$12,$AF35),0))} -> 8 | AE35: =MATCH($B35&"|"&$C35,Profils!$A$5:$A$34,0) -> 1 | AF35: 6 | AG35: {=INDEX(Paramètres!$C$6:$C$12,$AF35)} -> 2.4 | AH35: {=INDEX(Paramètres!$D$6:$D$12,$AF35)} -> 7 | AI35: {=INDEX(Matériaux!$C$16:$C$20,$D35)} -> 30 | AJ35: =Paramètres!$B$16+(1-Paramètres!$B$16)*(($J35-Paramètres!$B$14)/(Paramètres!$B$15-Paramètres!$B$14))^Paramètres!$B$17 -> 0.66599939
A36: GUE-CHA-UNI | B36: Guerrier | C36: Chapeau | D36: — | E36: — | F36: Unique | G36: {=INDEX(Uniques!$E$5:$E$34,MATCH($B36&"|"&$C36,Uniques!$A$5:$A$34,0))} -> Heaume du Roi Déchu | H36: {=INDEX(Uniques!$L$5:$L$34,MATCH($B36&"|"&$C36,Uniques!$A$5:$A$34,0))} -> 1 | I36: =IF(ISNUMBER($C$3),MIN(MAX(0,ROUND($C$3,0)),$AI36),$AI36) -> 0 | J36: =$H36+$I36 -> 1 | K36: {=INDEX(Uniques!$F$5:$F$34,MATCH($B36&"|"&$C36,Uniques!$A$5:$A$34,0))} -> Neutre | L36: {=IF(AND(INDEX(Profils!$F$5:$F$34,$AE36)>0,INDEX(Profils!$U$5:$U$34,$AE36)<=$AH36),ROUND(INDEX(Profils!$F$5:$F$34,$AE36)*Paramètres!$E$22*$AG36*$AJ36,Paramètres!$F$22),0)} -> 5 | M36: {=IF(AND(INDEX(Profils!$G$5:$G$34,$AE36)>0,INDEX(Profils!$V$5:$V$34,$AE36)<=$AH36),ROUND(INDEX(Profils!$G$5:$G$34,$AE36)*Paramètres!$E$23*$AG36*$AJ36,Paramètres!$F$23),0)} -> 1 | N36: {=IF(AND(INDEX(Profils!$H$5:$H$34,$AE36)>0,INDEX(Profils!$W$5:$W$34,$AE36)<=$AH36),ROUND(INDEX(Profils!$H$5:$H$34,$AE36)*Paramètres!$E$24*$AG36*$AJ36,Paramètres!$F$24),0)} -> 2 | O36: {=IF(AND(INDEX(Profils!$I$5:$I$34,$AE36)>0,INDEX(Profils!$X$5:$X$34,$AE36)<=$AH36),ROUND(INDEX(Profils!$I$5:$I$34,$AE36)*Paramètres!$E$25*$AG36*$AJ36,Paramètres!$F$25),0)} -> 0 | P36: {=IF(AND(INDEX(Profils!$J$5:$J$34,$AE36)>0,INDEX(Profils!$Y$5:$Y$34,$AE36)<=$AH36),ROUND(INDEX(Profils!$J$5:$J$34,$AE36)*Paramètres!$E$26*$AG36*$AJ36,Paramètres!$F$26),0)} -> 0 | Q36: {=IF(AND(INDEX(Profils!$K$5:$K$34,$AE36)>0,INDEX(Profils!$Z$5:$Z$34,$AE36)<=$AH36),ROUND(INDEX(Profils!$K$5:$K$34,$AE36)*Paramètres!$E$27*$AG36*$AJ36,Paramètres!$F$27),0)} -> 0 | R36: {=IF(AND(INDEX(Profils!$L$5:$L$34,$AE36)>0,INDEX(Profils!$AA$5:$AA$34,$AE36)<=$AH36),ROUND(INDEX(Profils!$L$5:$L$34,$AE36)*Paramètres!$E$28*$AG36*$AJ36,Paramètres!$F$28),0)} -> 0.001 | S36: {=IF(AND(INDEX(Profils!$M$5:$M$34,$AE36)>0,INDEX(Profils!$AB$5:$AB$34,$AE36)<=$AH36),ROUND(INDEX(Profils!$M$5:$M$34,$AE36)*Paramètres!$E$29*$AG36*$AJ36,Paramètres!$F$29),0)} -> 0 | T36: {=IF(AND(INDEX(Profils!$N$5:$N$34,$AE36)>0,INDEX(Profils!$AC$5:$AC$34,$AE36)<=$AH36),ROUND(INDEX(Profils!$N$5:$N$34,$AE36)*Paramètres!$E$30*$AG36*$AJ36,Paramètres!$F$30),0)} -> 0 | U36: {=IF(AND(INDEX(Profils!$O$5:$O$34,$AE36)>0,INDEX(Profils!$AD$5:$AD$34,$AE36)<=$AH36),ROUND(INDEX(Profils!$O$5:$O$34,$AE36)*Paramètres!$E$31*$AG36*$AJ36,Paramètres!$F$31),0)} -> 3 | V36: {=IF(AND(INDEX(Profils!$P$5:$P$34,$AE36)>0,INDEX(Profils!$AE$5:$AE$34,$AE36)<=$AH36),ROUND(INDEX(Profils!$P$5:$P$34,$AE36)*Paramètres!$E$32*$AG36*$AJ36,Paramètres!$F$32),0)} -> 0 | W36: {=IF(AND(INDEX(Profils!$Q$5:$Q$34,$AE36)>0,INDEX(Profils!$AF$5:$AF$34,$AE36)<=$AH36),ROUND(INDEX(Profils!$Q$5:$Q$34,$AE36)*Paramètres!$E$33*$AG36*$AJ36,Paramètres!$F$33),0)} -> 0.001 | X36: {=IF(AND(INDEX(Profils!$R$5:$R$34,$AE36)>0,INDEX(Profils!$AG$5:$AG$34,$AE36)<=$AH36),ROUND(INDEX(Profils!$R$5:$R$34,$AE36)*Paramètres!$E$34*$AG36*$AJ36,Paramètres!$F$34),0)} -> 0 | Y36: {=IF(AND(INDEX(Profils!$S$5:$S$34,$AE36)>0,INDEX(Profils!$AH$5:$AH$34,$AE36)<=$AH36),ROUND(INDEX(Profils!$S$5:$S$34,$AE36)*Paramètres!$E$35*$AG36*$AJ36,Paramètres!$F$35),0)} -> 0.002 | Z36: =ROUND(L36/Paramètres!$E$22+M36/Paramètres!$E$23+N36/Paramètres!$E$24+O36/Paramètres!$E$25+P36/Paramètres!$E$26+Q36/Paramètres!$E$27+R36/Paramètres!$E$28+S36/Paramètres!$E$29+T36/Paramètres!$E$30+U36/Paramètres!$E$31+V36/Paramètres!$E$32+W36/Paramètres!$E$33+X36/Paramètres!$E$34+Y36/Paramètres!$E$35,1) -> 0.8 | AA36: {=INDEX(Uniques!$G$5:$G$34,MATCH($B36&"|"&$C36,Uniques!$A$5:$A$34,0))} -> Volonté inflexible | AB36: {=INDEX(Uniques!$H$5:$H$34,MATCH($B36&"|"&$C36,Uniques!$A$5:$A$34,0))&" ["&INDEX(Uniques!$I$5:$I$34,MATCH($B36&"|"&$C36,Uniques!$A$5:$A$34,0))&"]"} -> Au début du combat, le porteur ignore le premier étourdissement subi et gagne +15 % de Résistance pendant 3 tours. [1 fois par combat.] | AC36: {=INDEX(Matériaux!$B$5:$F$12,MATCH(INDEX(Profils!$E$5:$E$34,$AE36),Matériaux!$A$5:$A$12,0),MATCH(MIN($J36+1,100),Matériaux!$B$16:$B$20,1))} -> cuir | AD36: {=IF($I36>=$AI36,"Max",ROUND(Paramètres!$B$40*($I36+1)^Paramètres!$B$41*INDEX(Paramètres!$H$6:$H$12,$AF36),0))} -> 9 | AE36: =MATCH($B36&"|"&$C36,Profils!$A$5:$A$34,0) -> 1 | AF36: 7 | AG36: {=INDEX(Paramètres!$C$6:$C$12,$AF36)} -> 2.5 | AH36: {=INDEX(Paramètres!$D$6:$D$12,$AF36)} -> 7 | AI36: {=INDEX(Uniques!$M$5:$M$34,MATCH($B36&"|"&$C36,Uniques!$A$5:$A$34,0))} -> 99 | AJ36: =Paramètres!$B$16+(1-Paramètres!$B$16)*(($J36-Paramètres!$B$14)/(Paramètres!$B$15-Paramètres!$B$14))^Paramètres!$B$17 -> 0.05
A37: GUE-ARM-P1-COM | B37: Guerrier | C37: Armure | D37: 1 | E37: {=INDEX(Matériaux!$B$5:$F$12,MATCH(INDEX(Profils!$E$5:$E$34,$AE37),Matériaux!$A$5:$A$12,0),$D37)} -> cuir | F37: Commun | G37: {=INDEX(Profils!$D$5:$D$34,$AE37)&" en "&$E37} -> Plastron en cuir | H37: {=INDEX(Matériaux!$B$16:$B$20,$D37)} -> 1 | I37: =IF(ISNUMBER($C$3),MIN(MAX(0,ROUND($C$3,0)),$AI37),$AI37) -> 0 | J37: =$H37+$I37 -> 1 | K37: — | L37: {=IF(AND(INDEX(Profils!$F$5:$F$34,$AE37)>0,INDEX(Profils!$U$5:$U$34,$AE37)<=$AH37),ROUND(INDEX(Profils!$F$5:$F$34,$AE37)*Paramètres!$E$22*$AG37*$AJ37,Paramètres!$F$22),0)} -> 3 | M37: {=IF(AND(INDEX(Profils!$G$5:$G$34,$AE37)>0,INDEX(Profils!$V$5:$V$34,$AE37)<=$AH37),ROUND(INDEX(Profils!$G$5:$G$34,$AE37)*Paramètres!$E$23*$AG37*$AJ37,Paramètres!$F$23),0)} -> 0 | N37: {=IF(AND(INDEX(Profils!$H$5:$H$34,$AE37)>0,INDEX(Profils!$W$5:$W$34,$AE37)<=$AH37),ROUND(INDEX(Profils!$H$5:$H$34,$AE37)*Paramètres!$E$24*$AG37*$AJ37,Paramètres!$F$24),0)} -> 0 | O37: {=IF(AND(INDEX(Profils!$I$5:$I$34,$AE37)>0,INDEX(Profils!$X$5:$X$34,$AE37)<=$AH37),ROUND(INDEX(Profils!$I$5:$I$34,$AE37)*Paramètres!$E$25*$AG37*$AJ37,Paramètres!$F$25),0)} -> 0 | P37: {=IF(AND(INDEX(Profils!$J$5:$J$34,$AE37)>0,INDEX(Profils!$Y$5:$Y$34,$AE37)<=$AH37),ROUND(INDEX(Profils!$J$5:$J$34,$AE37)*Paramètres!$E$26*$AG37*$AJ37,Paramètres!$F$26),0)} -> 0 | Q37: {=IF(AND(INDEX(Profils!$K$5:$K$34,$AE37)>0,INDEX(Profils!$Z$5:$Z$34,$AE37)<=$AH37),ROUND(INDEX(Profils!$K$5:$K$34,$AE37)*Paramètres!$E$27*$AG37*$AJ37,Paramètres!$F$27),0)} -> 0 | R37: {=IF(AND(INDEX(Profils!$L$5:$L$34,$AE37)>0,INDEX(Profils!$AA$5:$AA$34,$AE37)<=$AH37),ROUND(INDEX(Profils!$L$5:$L$34,$AE37)*Paramètres!$E$28*$AG37*$AJ37,Paramètres!$F$28),0)} -> 0 | S37: {=IF(AND(INDEX(Profils!$M$5:$M$34,$AE37)>0,INDEX(Profils!$AB$5:$AB$34,$AE37)<=$AH37),ROUND(INDEX(Profils!$M$5:$M$34,$AE37)*Paramètres!$E$29*$AG37*$AJ37,Paramètres!$F$29),0)} -> 0 | T37: {=IF(AND(INDEX(Profils!$N$5:$N$34,$AE37)>0,INDEX(Profils!$AC$5:$AC$34,$AE37)<=$AH37),ROUND(INDEX(Profils!$N$5:$N$34,$AE37)*Paramètres!$E$30*$AG37*$AJ37,Paramètres!$F$30),0)} -> 0 | U37: {=IF(AND(INDEX(Profils!$O$5:$O$34,$AE37)>0,INDEX(Profils!$AD$5:$AD$34,$AE37)<=$AH37),ROUND(INDEX(Profils!$O$5:$O$34,$AE37)*Paramètres!$E$31*$AG37*$AJ37,Paramètres!$F$31),0)} -> 2 | V37: {=IF(AND(INDEX(Profils!$P$5:$P$34,$AE37)>0,INDEX(Profils!$AE$5:$AE$34,$AE37)<=$AH37),ROUND(INDEX(Profils!$P$5:$P$34,$AE37)*Paramètres!$E$32*$AG37*$AJ37,Paramètres!$F$32),0)} -> 0 | W37: {=IF(AND(INDEX(Profils!$Q$5:$Q$34,$AE37)>0,INDEX(Profils!$AF$5:$AF$34,$AE37)<=$AH37),ROUND(INDEX(Profils!$Q$5:$Q$34,$AE37)*Paramètres!$E$33*$AG37*$AJ37,Paramètres!$F$33),0)} -> 0 | X37: {=IF(AND(INDEX(Profils!$R$5:$R$34,$AE37)>0,INDEX(Profils!$AG$5:$AG$34,$AE37)<=$AH37),ROUND(INDEX(Profils!$R$5:$R$34,$AE37)*Paramètres!$E$34*$AG37*$AJ37,Paramètres!$F$34),0)} -> 0 | Y37: {=IF(AND(INDEX(Profils!$S$5:$S$34,$AE37)>0,INDEX(Profils!$AH$5:$AH$34,$AE37)<=$AH37),ROUND(INDEX(Profils!$S$5:$S$34,$AE37)*Paramètres!$E$35*$AG37*$AJ37,Paramètres!$F$35),0)} -> 0 | Z37: =ROUND(L37/Paramètres!$E$22+M37/Paramètres!$E$23+N37/Paramètres!$E$24+O37/Paramètres!$E$25+P37/Paramètres!$E$26+Q37/Paramètres!$E$27+R37/Paramètres!$E$28+S37/Paramètres!$E$29+T37/Paramètres!$E$30+U37/Paramètres!$E$31+V37/Paramètres!$E$32+W37/Paramètres!$E$33+X37/Paramètres!$E$34+Y37/Paramètres!$E$35,1) -> 0.2 | AA37: — | AB37: — | AC37: =$E37 -> cuir | AD37: {=IF($I37>=$AI37,"Max",ROUND(Paramètres!$B$40*($I37+1)^Paramètres!$B$41*INDEX(Paramètres!$H$6:$H$12,$AF37),0))} -> 3 | AE37: =MATCH($B37&"|"&$C37,Profils!$A$5:$A$34,0) -> 2 | AF37: 1 | AG37: {=INDEX(Paramètres!$C$6:$C$12,$AF37)} -> 1 | AH37: {=INDEX(Paramètres!$D$6:$D$12,$AF37)} -> 2 | AI37: {=INDEX(Matériaux!$C$16:$C$20,$D37)} -> 19 | AJ37: =Paramètres!$B$16+(1-Paramètres!$B$16)*(($J37-Paramètres!$B$14)/(Paramètres!$B$15-Paramètres!$B$14))^Paramètres!$B$17 -> 0.05
A38: GUE-ARM-P1-RAR | B38: Guerrier | C38: Armure | D38: 1 | E38: {=INDEX(Matériaux!$B$5:$F$12,MATCH(INDEX(Profils!$E$5:$E$34,$AE38),Matériaux!$A$5:$A$12,0),$D38)} -> cuir | F38: Rare | G38: {=INDEX(Profils!$D$5:$D$34,$AE38)&" en "&$E38} -> Plastron en cuir | H38: {=INDEX(Matériaux!$B$16:$B$20,$D38)} -> 1 | I38: =IF(ISNUMBER($C$3),MIN(MAX(0,ROUND($C$3,0)),$AI38),$AI38) -> 0 | J38: =$H38+$I38 -> 1 | K38: — | L38: {=IF(AND(INDEX(Profils!$F$5:$F$34,$AE38)>0,INDEX(Profils!$U$5:$U$34,$AE38)<=$AH38),ROUND(INDEX(Profils!$F$5:$F$34,$AE38)*Paramètres!$E$22*$AG38*$AJ38,Paramètres!$F$22),0)} -> 4 | M38: {=IF(AND(INDEX(Profils!$G$5:$G$34,$AE38)>0,INDEX(Profils!$V$5:$V$34,$AE38)<=$AH38),ROUND(INDEX(Profils!$G$5:$G$34,$AE38)*Paramètres!$E$23*$AG38*$AJ38,Paramètres!$F$23),0)} -> 0 | N38: {=IF(AND(INDEX(Profils!$H$5:$H$34,$AE38)>0,INDEX(Profils!$W$5:$W$34,$AE38)<=$AH38),ROUND(INDEX(Profils!$H$5:$H$34,$AE38)*Paramètres!$E$24*$AG38*$AJ38,Paramètres!$F$24),0)} -> 2 | O38: {=IF(AND(INDEX(Profils!$I$5:$I$34,$AE38)>0,INDEX(Profils!$X$5:$X$34,$AE38)<=$AH38),ROUND(INDEX(Profils!$I$5:$I$34,$AE38)*Paramètres!$E$25*$AG38*$AJ38,Paramètres!$F$25),0)} -> 0 | P38: {=IF(AND(INDEX(Profils!$J$5:$J$34,$AE38)>0,INDEX(Profils!$Y$5:$Y$34,$AE38)<=$AH38),ROUND(INDEX(Profils!$J$5:$J$34,$AE38)*Paramètres!$E$26*$AG38*$AJ38,Paramètres!$F$26),0)} -> 0 | Q38: {=IF(AND(INDEX(Profils!$K$5:$K$34,$AE38)>0,INDEX(Profils!$Z$5:$Z$34,$AE38)<=$AH38),ROUND(INDEX(Profils!$K$5:$K$34,$AE38)*Paramètres!$E$27*$AG38*$AJ38,Paramètres!$F$27),0)} -> 0 | R38: {=IF(AND(INDEX(Profils!$L$5:$L$34,$AE38)>0,INDEX(Profils!$AA$5:$AA$34,$AE38)<=$AH38),ROUND(INDEX(Profils!$L$5:$L$34,$AE38)*Paramètres!$E$28*$AG38*$AJ38,Paramètres!$F$28),0)} -> 0 | S38: {=IF(AND(INDEX(Profils!$M$5:$M$34,$AE38)>0,INDEX(Profils!$AB$5:$AB$34,$AE38)<=$AH38),ROUND(INDEX(Profils!$M$5:$M$34,$AE38)*Paramètres!$E$29*$AG38*$AJ38,Paramètres!$F$29),0)} -> 0 | T38: {=IF(AND(INDEX(Profils!$N$5:$N$34,$AE38)>0,INDEX(Profils!$AC$5:$AC$34,$AE38)<=$AH38),ROUND(INDEX(Profils!$N$5:$N$34,$AE38)*Paramètres!$E$30*$AG38*$AJ38,Paramètres!$F$30),0)} -> 0 | U38: {=IF(AND(INDEX(Profils!$O$5:$O$34,$AE38)>0,INDEX(Profils!$AD$5:$AD$34,$AE38)<=$AH38),ROUND(INDEX(Profils!$O$5:$O$34,$AE38)*Paramètres!$E$31*$AG38*$AJ38,Paramètres!$F$31),0)} -> 3 | V38: {=IF(AND(INDEX(Profils!$P$5:$P$34,$AE38)>0,INDEX(Profils!$AE$5:$AE$34,$AE38)<=$AH38),ROUND(INDEX(Profils!$P$5:$P$34,$AE38)*Paramètres!$E$32*$AG38*$AJ38,Paramètres!$F$32),0)} -> 0 | W38: {=IF(AND(INDEX(Profils!$Q$5:$Q$34,$AE38)>0,INDEX(Profils!$AF$5:$AF$34,$AE38)<=$AH38),ROUND(INDEX(Profils!$Q$5:$Q$34,$AE38)*Paramètres!$E$33*$AG38*$AJ38,Paramètres!$F$33),0)} -> 0 | X38: {=IF(AND(INDEX(Profils!$R$5:$R$34,$AE38)>0,INDEX(Profils!$AG$5:$AG$34,$AE38)<=$AH38),ROUND(INDEX(Profils!$R$5:$R$34,$AE38)*Paramètres!$E$34*$AG38*$AJ38,Paramètres!$F$34),0)} -> 0 | Y38: {=IF(AND(INDEX(Profils!$S$5:$S$34,$AE38)>0,INDEX(Profils!$AH$5:$AH$34,$AE38)<=$AH38),ROUND(INDEX(Profils!$S$5:$S$34,$AE38)*Paramètres!$E$35*$AG38*$AJ38,Paramètres!$F$35),0)} -> 0 | Z38: =ROUND(L38/Paramètres!$E$22+M38/Paramètres!$E$23+N38/Paramètres!$E$24+O38/Paramètres!$E$25+P38/Paramètres!$E$26+Q38/Paramètres!$E$27+R38/Paramètres!$E$28+S38/Paramètres!$E$29+T38/Paramètres!$E$30+U38/Paramètres!$E$31+V38/Paramètres!$E$32+W38/Paramètres!$E$33+X38/Paramètres!$E$34+Y38/Paramètres!$E$35,1) -> 0.4 | AA38: — | AB38: — | AC38: =$E38 -> cuir | AD38: {=IF($I38>=$AI38,"Max",ROUND(Paramètres!$B$40*($I38+1)^Paramètres!$B$41*INDEX(Paramètres!$H$6:$H$12,$AF38),0))} -> 4 | AE38: =MATCH($B38&"|"&$C38,Profils!$A$5:$A$34,0) -> 2 | AF38: 2 | AG38: {=INDEX(Paramètres!$C$6:$C$12,$AF38)} -> 1.2 | AH38: {=INDEX(Paramètres!$D$6:$D$12,$AF38)} -> 3 | AI38: {=INDEX(Matériaux!$C$16:$C$20,$D38)} -> 19 | AJ38: =Paramètres!$B$16+(1-Paramètres!$B$16)*(($J38-Paramètres!$B$14)/(Paramètres!$B$15-Paramètres!$B$14))^Paramètres!$B$17 -> 0.05
A39: GUE-ARM-P1-SRA | B39: Guerrier | C39: Armure | D39: 1 | E39: {=INDEX(Matériaux!$B$5:$F$12,MATCH(INDEX(Profils!$E$5:$E$34,$AE39),Matériaux!$A$5:$A$12,0),$D39)} -> cuir | F39: Super rare | G39: {=INDEX(Profils!$D$5:$D$34,$AE39)&" en "&$E39} -> Plastron en cuir | H39: {=INDEX(Matériaux!$B$16:$B$20,$D39)} -> 1 | I39: =IF(ISNUMBER($C$3),MIN(MAX(0,ROUND($C$3,0)),$AI39),$AI39) -> 0 | J39: =$H39+$I39 -> 1 | K39: — | L39: {=IF(AND(INDEX(Profils!$F$5:$F$34,$AE39)>0,INDEX(Profils!$U$5:$U$34,$AE39)<=$AH39),ROUND(INDEX(Profils!$F$5:$F$34,$AE39)*Paramètres!$E$22*$AG39*$AJ39,Paramètres!$F$22),0)} -> 4 | M39: {=IF(AND(INDEX(Profils!$G$5:$G$34,$AE39)>0,INDEX(Profils!$V$5:$V$34,$AE39)<=$AH39),ROUND(INDEX(Profils!$G$5:$G$34,$AE39)*Paramètres!$E$23*$AG39*$AJ39,Paramètres!$F$23),0)} -> 1 | N39: {=IF(AND(INDEX(Profils!$H$5:$H$34,$AE39)>0,INDEX(Profils!$W$5:$W$34,$AE39)<=$AH39),ROUND(INDEX(Profils!$H$5:$H$34,$AE39)*Paramètres!$E$24*$AG39*$AJ39,Paramètres!$F$24),0)} -> 2 | O39: {=IF(AND(INDEX(Profils!$I$5:$I$34,$AE39)>0,INDEX(Profils!$X$5:$X$34,$AE39)<=$AH39),ROUND(INDEX(Profils!$I$5:$I$34,$AE39)*Paramètres!$E$25*$AG39*$AJ39,Paramètres!$F$25),0)} -> 0 | P39: {=IF(AND(INDEX(Profils!$J$5:$J$34,$AE39)>0,INDEX(Profils!$Y$5:$Y$34,$AE39)<=$AH39),ROUND(INDEX(Profils!$J$5:$J$34,$AE39)*Paramètres!$E$26*$AG39*$AJ39,Paramètres!$F$26),0)} -> 0 | Q39: {=IF(AND(INDEX(Profils!$K$5:$K$34,$AE39)>0,INDEX(Profils!$Z$5:$Z$34,$AE39)<=$AH39),ROUND(INDEX(Profils!$K$5:$K$34,$AE39)*Paramètres!$E$27*$AG39*$AJ39,Paramètres!$F$27),0)} -> 0 | R39: {=IF(AND(INDEX(Profils!$L$5:$L$34,$AE39)>0,INDEX(Profils!$AA$5:$AA$34,$AE39)<=$AH39),ROUND(INDEX(Profils!$L$5:$L$34,$AE39)*Paramètres!$E$28*$AG39*$AJ39,Paramètres!$F$28),0)} -> 0 | S39: {=IF(AND(INDEX(Profils!$M$5:$M$34,$AE39)>0,INDEX(Profils!$AB$5:$AB$34,$AE39)<=$AH39),ROUND(INDEX(Profils!$M$5:$M$34,$AE39)*Paramètres!$E$29*$AG39*$AJ39,Paramètres!$F$29),0)} -> 0 | T39: {=IF(AND(INDEX(Profils!$N$5:$N$34,$AE39)>0,INDEX(Profils!$AC$5:$AC$34,$AE39)<=$AH39),ROUND(INDEX(Profils!$N$5:$N$34,$AE39)*Paramètres!$E$30*$AG39*$AJ39,Paramètres!$F$30),0)} -> 0 | U39: {=IF(AND(INDEX(Profils!$O$5:$O$34,$AE39)>0,INDEX(Profils!$AD$5:$AD$34,$AE39)<=$AH39),ROUND(INDEX(Profils!$O$5:$O$34,$AE39)*Paramètres!$E$31*$AG39*$AJ39,Paramètres!$F$31),0)} -> 3 | V39: {=IF(AND(INDEX(Profils!$P$5:$P$34,$AE39)>0,INDEX(Profils!$AE$5:$AE$34,$AE39)<=$AH39),ROUND(INDEX(Profils!$P$5:$P$34,$AE39)*Paramètres!$E$32*$AG39*$AJ39,Paramètres!$F$32),0)} -> 0 | W39: {=IF(AND(INDEX(Profils!$Q$5:$Q$34,$AE39)>0,INDEX(Profils!$AF$5:$AF$34,$AE39)<=$AH39),ROUND(INDEX(Profils!$Q$5:$Q$34,$AE39)*Paramètres!$E$33*$AG39*$AJ39,Paramètres!$F$33),0)} -> 0 | X39: {=IF(AND(INDEX(Profils!$R$5:$R$34,$AE39)>0,INDEX(Profils!$AG$5:$AG$34,$AE39)<=$AH39),ROUND(INDEX(Profils!$R$5:$R$34,$AE39)*Paramètres!$E$34*$AG39*$AJ39,Paramètres!$F$34),0)} -> 0 | Y39: {=IF(AND(INDEX(Profils!$S$5:$S$34,$AE39)>0,INDEX(Profils!$AH$5:$AH$34,$AE39)<=$AH39),ROUND(INDEX(Profils!$S$5:$S$34,$AE39)*Paramètres!$E$35*$AG39*$AJ39,Paramètres!$F$35),0)} -> 0 | Z39: =ROUND(L39/Paramètres!$E$22+M39/Paramètres!$E$23+N39/Paramètres!$E$24+O39/Paramètres!$E$25+P39/Paramètres!$E$26+Q39/Paramètres!$E$27+R39/Paramètres!$E$28+S39/Paramètres!$E$29+T39/Paramètres!$E$30+U39/Paramètres!$E$31+V39/Paramètres!$E$32+W39/Paramètres!$E$33+X39/Paramètres!$E$34+Y39/Paramètres!$E$35,1) -> 0.5 | AA39: — | AB39: — | AC39: =$E39 -> cuir | AD39: {=IF($I39>=$AI39,"Max",ROUND(Paramètres!$B$40*($I39+1)^Paramètres!$B$41*INDEX(Paramètres!$H$6:$H$12,$AF39),0))} -> 4 | AE39: =MATCH($B39&"|"&$C39,Profils!$A$5:$A$34,0) -> 2 | AF39: 3 | AG39: {=INDEX(Paramètres!$C$6:$C$12,$AF39)} -> 1.45 | AH39: {=INDEX(Paramètres!$D$6:$D$12,$AF39)} -> 4 | AI39: {=INDEX(Matériaux!$C$16:$C$20,$D39)} -> 19 | AJ39: =Paramètres!$B$16+(1-Paramètres!$B$16)*(($J39-Paramètres!$B$14)/(Paramètres!$B$15-Paramètres!$B$14))^Paramètres!$B$17 -> 0.05
A40: GUE-ARM-P1-EPI | B40: Guerrier | C40: Armure | D40: 1 | E40: {=INDEX(Matériaux!$B$5:$F$12,MATCH(INDEX(Profils!$E$5:$E$34,$AE40),Matériaux!$A$5:$A$12,0),$D40)} -> cuir | F40: Épique | G40: {=INDEX(Profils!$D$5:$D$34,$AE40)&" en "&$E40} -> Plastron en cuir | H40: {=INDEX(Matériaux!$B$16:$B$20,$D40)} -> 1 | I40: =IF(ISNUMBER($C$3),MIN(MAX(0,ROUND($C$3,0)),$AI40),$AI40) -> 0 | J40: =$H40+$I40 -> 1 | K40: — | L40: {=IF(AND(INDEX(Profils!$F$5:$F$34,$AE40)>0,INDEX(Profils!$U$5:$U$34,$AE40)<=$AH40),ROUND(INDEX(Profils!$F$5:$F$34,$AE40)*Paramètres!$E$22*$AG40*$AJ40,Paramètres!$F$22),0)} -> 5 | M40: {=IF(AND(INDEX(Profils!$G$5:$G$34,$AE40)>0,INDEX(Profils!$V$5:$V$34,$AE40)<=$AH40),ROUND(INDEX(Profils!$G$5:$G$34,$AE40)*Paramètres!$E$23*$AG40*$AJ40,Paramètres!$F$23),0)} -> 1 | N40: {=IF(AND(INDEX(Profils!$H$5:$H$34,$AE40)>0,INDEX(Profils!$W$5:$W$34,$AE40)<=$AH40),ROUND(INDEX(Profils!$H$5:$H$34,$AE40)*Paramètres!$E$24*$AG40*$AJ40,Paramètres!$F$24),0)} -> 2 | O40: {=IF(AND(INDEX(Profils!$I$5:$I$34,$AE40)>0,INDEX(Profils!$X$5:$X$34,$AE40)<=$AH40),ROUND(INDEX(Profils!$I$5:$I$34,$AE40)*Paramètres!$E$25*$AG40*$AJ40,Paramètres!$F$25),0)} -> 0 | P40: {=IF(AND(INDEX(Profils!$J$5:$J$34,$AE40)>0,INDEX(Profils!$Y$5:$Y$34,$AE40)<=$AH40),ROUND(INDEX(Profils!$J$5:$J$34,$AE40)*Paramètres!$E$26*$AG40*$AJ40,Paramètres!$F$26),0)} -> 0 | Q40: {=IF(AND(INDEX(Profils!$K$5:$K$34,$AE40)>0,INDEX(Profils!$Z$5:$Z$34,$AE40)<=$AH40),ROUND(INDEX(Profils!$K$5:$K$34,$AE40)*Paramètres!$E$27*$AG40*$AJ40,Paramètres!$F$27),0)} -> 0 | R40: {=IF(AND(INDEX(Profils!$L$5:$L$34,$AE40)>0,INDEX(Profils!$AA$5:$AA$34,$AE40)<=$AH40),ROUND(INDEX(Profils!$L$5:$L$34,$AE40)*Paramètres!$E$28*$AG40*$AJ40,Paramètres!$F$28),0)} -> 0 | S40: {=IF(AND(INDEX(Profils!$M$5:$M$34,$AE40)>0,INDEX(Profils!$AB$5:$AB$34,$AE40)<=$AH40),ROUND(INDEX(Profils!$M$5:$M$34,$AE40)*Paramètres!$E$29*$AG40*$AJ40,Paramètres!$F$29),0)} -> 0 | T40: {=IF(AND(INDEX(Profils!$N$5:$N$34,$AE40)>0,INDEX(Profils!$AC$5:$AC$34,$AE40)<=$AH40),ROUND(INDEX(Profils!$N$5:$N$34,$AE40)*Paramètres!$E$30*$AG40*$AJ40,Paramètres!$F$30),0)} -> 0 | U40: {=IF(AND(INDEX(Profils!$O$5:$O$34,$AE40)>0,INDEX(Profils!$AD$5:$AD$34,$AE40)<=$AH40),ROUND(INDEX(Profils!$O$5:$O$34,$AE40)*Paramètres!$E$31*$AG40*$AJ40,Paramètres!$F$31),0)} -> 4 | V40: {=IF(AND(INDEX(Profils!$P$5:$P$34,$AE40)>0,INDEX(Profils!$AE$5:$AE$34,$AE40)<=$AH40),ROUND(INDEX(Profils!$P$5:$P$34,$AE40)*Paramètres!$E$32*$AG40*$AJ40,Paramètres!$F$32),0)} -> 0 | W40: {=IF(AND(INDEX(Profils!$Q$5:$Q$34,$AE40)>0,INDEX(Profils!$AF$5:$AF$34,$AE40)<=$AH40),ROUND(INDEX(Profils!$Q$5:$Q$34,$AE40)*Paramètres!$E$33*$AG40*$AJ40,Paramètres!$F$33),0)} -> 0.001 | X40: {=IF(AND(INDEX(Profils!$R$5:$R$34,$AE40)>0,INDEX(Profils!$AG$5:$AG$34,$AE40)<=$AH40),ROUND(INDEX(Profils!$R$5:$R$34,$AE40)*Paramètres!$E$34*$AG40*$AJ40,Paramètres!$F$34),0)} -> 0 | Y40: {=IF(AND(INDEX(Profils!$S$5:$S$34,$AE40)>0,INDEX(Profils!$AH$5:$AH$34,$AE40)<=$AH40),ROUND(INDEX(Profils!$S$5:$S$34,$AE40)*Paramètres!$E$35*$AG40*$AJ40,Paramètres!$F$35),0)} -> 0 | Z40: =ROUND(L40/Paramètres!$E$22+M40/Paramètres!$E$23+N40/Paramètres!$E$24+O40/Paramètres!$E$25+P40/Paramètres!$E$26+Q40/Paramètres!$E$27+R40/Paramètres!$E$28+S40/Paramètres!$E$29+T40/Paramètres!$E$30+U40/Paramètres!$E$31+V40/Paramètres!$E$32+W40/Paramètres!$E$33+X40/Paramètres!$E$34+Y40/Paramètres!$E$35,1) -> 0.7 | AA40: — | AB40: — | AC40: =$E40 -> cuir | AD40: {=IF($I40>=$AI40,"Max",ROUND(Paramètres!$B$40*($I40+1)^Paramètres!$B$41*INDEX(Paramètres!$H$6:$H$12,$AF40),0))} -> 5 | AE40: =MATCH($B40&"|"&$C40,Profils!$A$5:$A$34,0) -> 2 | AF40: 4 | AG40: {=INDEX(Paramètres!$C$6:$C$12,$AF40)} -> 1.75 | AH40: {=INDEX(Paramètres!$D$6:$D$12,$AF40)} -> 5 | AI40: {=INDEX(Matériaux!$C$16:$C$20,$D40)} -> 19 | AJ40: =Paramètres!$B$16+(1-Paramètres!$B$16)*(($J40-Paramètres!$B$14)/(Paramètres!$B$15-Paramètres!$B$14))^Paramètres!$B$17 -> 0.05
A41: GUE-ARM-P1-MYT | B41: Guerrier | C41: Armure | D41: 1 | E41: {=INDEX(Matériaux!$B$5:$F$12,MATCH(INDEX(Profils!$E$5:$E$34,$AE41),Matériaux!$A$5:$A$12,0),$D41)} -> cuir | F41: Mythique | G41: {=INDEX(Profils!$D$5:$D$34,$AE41)&" en "&$E41} -> Plastron en cuir | H41: {=INDEX(Matériaux!$B$16:$B$20,$D41)} -> 1 | I41: =IF(ISNUMBER($C$3),MIN(MAX(0,ROUND($C$3,0)),$AI41),$AI41) -> 0 | J41: =$H41+$I41 -> 1 | K41: — | L41: {=IF(AND(INDEX(Profils!$F$5:$F$34,$AE41)>0,INDEX(Profils!$U$5:$U$34,$AE41)<=$AH41),ROUND(INDEX(Profils!$F$5:$F$34,$AE41)*Paramètres!$E$22*$AG41*$AJ41,Paramètres!$F$22),0)} -> 6 | M41: {=IF(AND(INDEX(Profils!$G$5:$G$34,$AE41)>0,INDEX(Profils!$V$5:$V$34,$AE41)<=$AH41),ROUND(INDEX(Profils!$G$5:$G$34,$AE41)*Paramètres!$E$23*$AG41*$AJ41,Paramètres!$F$23),0)} -> 1 | N41: {=IF(AND(INDEX(Profils!$H$5:$H$34,$AE41)>0,INDEX(Profils!$W$5:$W$34,$AE41)<=$AH41),ROUND(INDEX(Profils!$H$5:$H$34,$AE41)*Paramètres!$E$24*$AG41*$AJ41,Paramètres!$F$24),0)} -> 3 | O41: {=IF(AND(INDEX(Profils!$I$5:$I$34,$AE41)>0,INDEX(Profils!$X$5:$X$34,$AE41)<=$AH41),ROUND(INDEX(Profils!$I$5:$I$34,$AE41)*Paramètres!$E$25*$AG41*$AJ41,Paramètres!$F$25),0)} -> 0 | P41: {=IF(AND(INDEX(Profils!$J$5:$J$34,$AE41)>0,INDEX(Profils!$Y$5:$Y$34,$AE41)<=$AH41),ROUND(INDEX(Profils!$J$5:$J$34,$AE41)*Paramètres!$E$26*$AG41*$AJ41,Paramètres!$F$26),0)} -> 0 | Q41: {=IF(AND(INDEX(Profils!$K$5:$K$34,$AE41)>0,INDEX(Profils!$Z$5:$Z$34,$AE41)<=$AH41),ROUND(INDEX(Profils!$K$5:$K$34,$AE41)*Paramètres!$E$27*$AG41*$AJ41,Paramètres!$F$27),0)} -> 0 | R41: {=IF(AND(INDEX(Profils!$L$5:$L$34,$AE41)>0,INDEX(Profils!$AA$5:$AA$34,$AE41)<=$AH41),ROUND(INDEX(Profils!$L$5:$L$34,$AE41)*Paramètres!$E$28*$AG41*$AJ41,Paramètres!$F$28),0)} -> 0 | S41: {=IF(AND(INDEX(Profils!$M$5:$M$34,$AE41)>0,INDEX(Profils!$AB$5:$AB$34,$AE41)<=$AH41),ROUND(INDEX(Profils!$M$5:$M$34,$AE41)*Paramètres!$E$29*$AG41*$AJ41,Paramètres!$F$29),0)} -> 0 | T41: {=IF(AND(INDEX(Profils!$N$5:$N$34,$AE41)>0,INDEX(Profils!$AC$5:$AC$34,$AE41)<=$AH41),ROUND(INDEX(Profils!$N$5:$N$34,$AE41)*Paramètres!$E$30*$AG41*$AJ41,Paramètres!$F$30),0)} -> 0 | U41: {=IF(AND(INDEX(Profils!$O$5:$O$34,$AE41)>0,INDEX(Profils!$AD$5:$AD$34,$AE41)<=$AH41),ROUND(INDEX(Profils!$O$5:$O$34,$AE41)*Paramètres!$E$31*$AG41*$AJ41,Paramètres!$F$31),0)} -> 5 | V41: {=IF(AND(INDEX(Profils!$P$5:$P$34,$AE41)>0,INDEX(Profils!$AE$5:$AE$34,$AE41)<=$AH41),ROUND(INDEX(Profils!$P$5:$P$34,$AE41)*Paramètres!$E$32*$AG41*$AJ41,Paramètres!$F$32),0)} -> 0 | W41: {=IF(AND(INDEX(Profils!$Q$5:$Q$34,$AE41)>0,INDEX(Profils!$AF$5:$AF$34,$AE41)<=$AH41),ROUND(INDEX(Profils!$Q$5:$Q$34,$AE41)*Paramètres!$E$33*$AG41*$AJ41,Paramètres!$F$33),0)} -> 0.001 | X41: {=IF(AND(INDEX(Profils!$R$5:$R$34,$AE41)>0,INDEX(Profils!$AG$5:$AG$34,$AE41)<=$AH41),ROUND(INDEX(Profils!$R$5:$R$34,$AE41)*Paramètres!$E$34*$AG41*$AJ41,Paramètres!$F$34),0)} -> 0 | Y41: {=IF(AND(INDEX(Profils!$S$5:$S$34,$AE41)>0,INDEX(Profils!$AH$5:$AH$34,$AE41)<=$AH41),ROUND(INDEX(Profils!$S$5:$S$34,$AE41)*Paramètres!$E$35*$AG41*$AJ41,Paramètres!$F$35),0)} -> 0.001 | Z41: =ROUND(L41/Paramètres!$E$22+M41/Paramètres!$E$23+N41/Paramètres!$E$24+O41/Paramètres!$E$25+P41/Paramètres!$E$26+Q41/Paramètres!$E$27+R41/Paramètres!$E$28+S41/Paramètres!$E$29+T41/Paramètres!$E$30+U41/Paramètres!$E$31+V41/Paramètres!$E$32+W41/Paramètres!$E$33+X41/Paramètres!$E$34+Y41/Paramètres!$E$35,1) -> 0.9 | AA41: — | AB41: — | AC41: =$E41 -> cuir | AD41: {=IF($I41>=$AI41,"Max",ROUND(Paramètres!$B$40*($I41+1)^Paramètres!$B$41*INDEX(Paramètres!$H$6:$H$12,$AF41),0))} -> 6 | AE41: =MATCH($B41&"|"&$C41,Profils!$A$5:$A$34,0) -> 2 | AF41: 5 | AG41: {=INDEX(Paramètres!$C$6:$C$12,$AF41)} -> 2.1 | AH41: {=INDEX(Paramètres!$D$6:$D$12,$AF41)} -> 6 | AI41: {=INDEX(Matériaux!$C$16:$C$20,$D41)} -> 19 | AJ41: =Paramètres!$B$16+(1-Paramètres!$B$16)*(($J41-Paramètres!$B$14)/(Paramètres!$B$15-Paramètres!$B$14))^Paramètres!$B$17 -> 0.05
A42: GUE-ARM-P1-LEG | B42: Guerrier | C42: Armure | D42: 1 | E42: {=INDEX(Matériaux!$B$5:$F$12,MATCH(INDEX(Profils!$E$5:$E$34,$AE42),Matériaux!$A$5:$A$12,0),$D42)} -> cuir | F42: Légendaire | G42: {=INDEX(Profils!$D$5:$D$34,$AE42)&" en "&$E42} -> Plastron en cuir | H42: {=INDEX(Matériaux!$B$16:$B$20,$D42)} -> 1 | I42: =IF(ISNUMBER($C$3),MIN(MAX(0,ROUND($C$3,0)),$AI42),$AI42) -> 0 | J42: =$H42+$I42 -> 1 | K42: — | L42: {=IF(AND(INDEX(Profils!$F$5:$F$34,$AE42)>0,INDEX(Profils!$U$5:$U$34,$AE42)<=$AH42),ROUND(INDEX(Profils!$F$5:$F$34,$AE42)*Paramètres!$E$22*$AG42*$AJ42,Paramètres!$F$22),0)} -> 7 | M42: {=IF(AND(INDEX(Profils!$G$5:$G$34,$AE42)>0,INDEX(Profils!$V$5:$V$34,$AE42)<=$AH42),ROUND(INDEX(Profils!$G$5:$G$34,$AE42)*Paramètres!$E$23*$AG42*$AJ42,Paramètres!$F$23),0)} -> 1 | N42: {=IF(AND(INDEX(Profils!$H$5:$H$34,$AE42)>0,INDEX(Profils!$W$5:$W$34,$AE42)<=$AH42),ROUND(INDEX(Profils!$H$5:$H$34,$AE42)*Paramètres!$E$24*$AG42*$AJ42,Paramètres!$F$24),0)} -> 3 | O42: {=IF(AND(INDEX(Profils!$I$5:$I$34,$AE42)>0,INDEX(Profils!$X$5:$X$34,$AE42)<=$AH42),ROUND(INDEX(Profils!$I$5:$I$34,$AE42)*Paramètres!$E$25*$AG42*$AJ42,Paramètres!$F$25),0)} -> 0 | P42: {=IF(AND(INDEX(Profils!$J$5:$J$34,$AE42)>0,INDEX(Profils!$Y$5:$Y$34,$AE42)<=$AH42),ROUND(INDEX(Profils!$J$5:$J$34,$AE42)*Paramètres!$E$26*$AG42*$AJ42,Paramètres!$F$26),0)} -> 0 | Q42: {=IF(AND(INDEX(Profils!$K$5:$K$34,$AE42)>0,INDEX(Profils!$Z$5:$Z$34,$AE42)<=$AH42),ROUND(INDEX(Profils!$K$5:$K$34,$AE42)*Paramètres!$E$27*$AG42*$AJ42,Paramètres!$F$27),0)} -> 0 | R42: {=IF(AND(INDEX(Profils!$L$5:$L$34,$AE42)>0,INDEX(Profils!$AA$5:$AA$34,$AE42)<=$AH42),ROUND(INDEX(Profils!$L$5:$L$34,$AE42)*Paramètres!$E$28*$AG42*$AJ42,Paramètres!$F$28),0)} -> 0 | S42: {=IF(AND(INDEX(Profils!$M$5:$M$34,$AE42)>0,INDEX(Profils!$AB$5:$AB$34,$AE42)<=$AH42),ROUND(INDEX(Profils!$M$5:$M$34,$AE42)*Paramètres!$E$29*$AG42*$AJ42,Paramètres!$F$29),0)} -> 0 | T42: {=IF(AND(INDEX(Profils!$N$5:$N$34,$AE42)>0,INDEX(Profils!$AC$5:$AC$34,$AE42)<=$AH42),ROUND(INDEX(Profils!$N$5:$N$34,$AE42)*Paramètres!$E$30*$AG42*$AJ42,Paramètres!$F$30),0)} -> 0 | U42: {=IF(AND(INDEX(Profils!$O$5:$O$34,$AE42)>0,INDEX(Profils!$AD$5:$AD$34,$AE42)<=$AH42),ROUND(INDEX(Profils!$O$5:$O$34,$AE42)*Paramètres!$E$31*$AG42*$AJ42,Paramètres!$F$31),0)} -> 5 | V42: {=IF(AND(INDEX(Profils!$P$5:$P$34,$AE42)>0,INDEX(Profils!$AE$5:$AE$34,$AE42)<=$AH42),ROUND(INDEX(Profils!$P$5:$P$34,$AE42)*Paramètres!$E$32*$AG42*$AJ42,Paramètres!$F$32),0)} -> 0 | W42: {=IF(AND(INDEX(Profils!$Q$5:$Q$34,$AE42)>0,INDEX(Profils!$AF$5:$AF$34,$AE42)<=$AH42),ROUND(INDEX(Profils!$Q$5:$Q$34,$AE42)*Paramètres!$E$33*$AG42*$AJ42,Paramètres!$F$33),0)} -> 0.001 | X42: {=IF(AND(INDEX(Profils!$R$5:$R$34,$AE42)>0,INDEX(Profils!$AG$5:$AG$34,$AE42)<=$AH42),ROUND(INDEX(Profils!$R$5:$R$34,$AE42)*Paramètres!$E$34*$AG42*$AJ42,Paramètres!$F$34),0)} -> 0 | Y42: {=IF(AND(INDEX(Profils!$S$5:$S$34,$AE42)>0,INDEX(Profils!$AH$5:$AH$34,$AE42)<=$AH42),ROUND(INDEX(Profils!$S$5:$S$34,$AE42)*Paramètres!$E$35*$AG42*$AJ42,Paramètres!$F$35),0)} -> 0.001 | Z42: =ROUND(L42/Paramètres!$E$22+M42/Paramètres!$E$23+N42/Paramètres!$E$24+O42/Paramètres!$E$25+P42/Paramètres!$E$26+Q42/Paramètres!$E$27+R42/Paramètres!$E$28+S42/Paramètres!$E$29+T42/Paramètres!$E$30+U42/Paramètres!$E$31+V42/Paramètres!$E$32+W42/Paramètres!$E$33+X42/Paramètres!$E$34+Y42/Paramètres!$E$35,1) -> 0.9 | AA42: — | AB42: — | AC42: =$E42 -> cuir | AD42: {=IF($I42>=$AI42,"Max",ROUND(Paramètres!$B$40*($I42+1)^Paramètres!$B$41*INDEX(Paramètres!$H$6:$H$12,$AF42),0))} -> 8 | AE42: =MATCH($B42&"|"&$C42,Profils!$A$5:$A$34,0) -> 2 | AF42: 6 | AG42: {=INDEX(Paramètres!$C$6:$C$12,$AF42)} -> 2.4 | AH42: {=INDEX(Paramètres!$D$6:$D$12,$AF42)} -> 7 | AI42: {=INDEX(Matériaux!$C$16:$C$20,$D42)} -> 19 | AJ42: =Paramètres!$B$16+(1-Paramètres!$B$16)*(($J42-Paramètres!$B$14)/(Paramètres!$B$15-Paramètres!$B$14))^Paramètres!$B$17 -> 0.05
A43: GUE-ARM-P2-COM | B43: Guerrier | C43: Armure | D43: 2 | E43: {=INDEX(Matériaux!$B$5:$F$12,MATCH(INDEX(Profils!$E$5:$E$34,$AE43),Matériaux!$A$5:$A$12,0),$D43)} -> fer | F43: Commun | G43: {=INDEX(Profils!$D$5:$D$34,$AE43)&" en "&$E43} -> Plastron en fer | H43: {=INDEX(Matériaux!$B$16:$B$20,$D43)} -> 15 | I43: =IF(ISNUMBER($C$3),MIN(MAX(0,ROUND($C$3,0)),$AI43),$AI43) -> 0 | J43: =$H43+$I43 -> 15 | K43: — | L43: {=IF(AND(INDEX(Profils!$F$5:$F$34,$AE43)>0,INDEX(Profils!$U$5:$U$34,$AE43)<=$AH43),ROUND(INDEX(Profils!$F$5:$F$34,$AE43)*Paramètres!$E$22*$AG43*$AJ43,Paramètres!$F$22),0)} -> 8 | M43: {=IF(AND(INDEX(Profils!$G$5:$G$34,$AE43)>0,INDEX(Profils!$V$5:$V$34,$AE43)<=$AH43),ROUND(INDEX(Profils!$G$5:$G$34,$AE43)*Paramètres!$E$23*$AG43*$AJ43,Paramètres!$F$23),0)} -> 0 | N43: {=IF(AND(INDEX(Profils!$H$5:$H$34,$AE43)>0,INDEX(Profils!$W$5:$W$34,$AE43)<=$AH43),ROUND(INDEX(Profils!$H$5:$H$34,$AE43)*Paramètres!$E$24*$AG43*$AJ43,Paramètres!$F$24),0)} -> 0 | O43: {=IF(AND(INDEX(Profils!$I$5:$I$34,$AE43)>0,INDEX(Profils!$X$5:$X$34,$AE43)<=$AH43),ROUND(INDEX(Profils!$I$5:$I$34,$AE43)*Paramètres!$E$25*$AG43*$AJ43,Paramètres!$F$25),0)} -> 0 | P43: {=IF(AND(INDEX(Profils!$J$5:$J$34,$AE43)>0,INDEX(Profils!$Y$5:$Y$34,$AE43)<=$AH43),ROUND(INDEX(Profils!$J$5:$J$34,$AE43)*Paramètres!$E$26*$AG43*$AJ43,Paramètres!$F$26),0)} -> 0 | Q43: {=IF(AND(INDEX(Profils!$K$5:$K$34,$AE43)>0,INDEX(Profils!$Z$5:$Z$34,$AE43)<=$AH43),ROUND(INDEX(Profils!$K$5:$K$34,$AE43)*Paramètres!$E$27*$AG43*$AJ43,Paramètres!$F$27),0)} -> 0 | R43: {=IF(AND(INDEX(Profils!$L$5:$L$34,$AE43)>0,INDEX(Profils!$AA$5:$AA$34,$AE43)<=$AH43),ROUND(INDEX(Profils!$L$5:$L$34,$AE43)*Paramètres!$E$28*$AG43*$AJ43,Paramètres!$F$28),0)} -> 0 | S43: {=IF(AND(INDEX(Profils!$M$5:$M$34,$AE43)>0,INDEX(Profils!$AB$5:$AB$34,$AE43)<=$AH43),ROUND(INDEX(Profils!$M$5:$M$34,$AE43)*Paramètres!$E$29*$AG43*$AJ43,Paramètres!$F$29),0)} -> 0 | T43: {=IF(AND(INDEX(Profils!$N$5:$N$34,$AE43)>0,INDEX(Profils!$AC$5:$AC$34,$AE43)<=$AH43),ROUND(INDEX(Profils!$N$5:$N$34,$AE43)*Paramètres!$E$30*$AG43*$AJ43,Paramètres!$F$30),0)} -> 0 | U43: {=IF(AND(INDEX(Profils!$O$5:$O$34,$AE43)>0,INDEX(Profils!$AD$5:$AD$34,$AE43)<=$AH43),ROUND(INDEX(Profils!$O$5:$O$34,$AE43)*Paramètres!$E$31*$AG43*$AJ43,Paramètres!$F$31),0)} -> 6 | V43: {=IF(AND(INDEX(Profils!$P$5:$P$34,$AE43)>0,INDEX(Profils!$AE$5:$AE$34,$AE43)<=$AH43),ROUND(INDEX(Profils!$P$5:$P$34,$AE43)*Paramètres!$E$32*$AG43*$AJ43,Paramètres!$F$32),0)} -> 0 | W43: {=IF(AND(INDEX(Profils!$Q$5:$Q$34,$AE43)>0,INDEX(Profils!$AF$5:$AF$34,$AE43)<=$AH43),ROUND(INDEX(Profils!$Q$5:$Q$34,$AE43)*Paramètres!$E$33*$AG43*$AJ43,Paramètres!$F$33),0)} -> 0 | X43: {=IF(AND(INDEX(Profils!$R$5:$R$34,$AE43)>0,INDEX(Profils!$AG$5:$AG$34,$AE43)<=$AH43),ROUND(INDEX(Profils!$R$5:$R$34,$AE43)*Paramètres!$E$34*$AG43*$AJ43,Paramètres!$F$34),0)} -> 0 | Y43: {=IF(AND(INDEX(Profils!$S$5:$S$34,$AE43)>0,INDEX(Profils!$AH$5:$AH$34,$AE43)<=$AH43),ROUND(INDEX(Profils!$S$5:$S$34,$AE43)*Paramètres!$E$35*$AG43*$AJ43,Paramètres!$F$35),0)} -> 0 | Z43: =ROUND(L43/Paramètres!$E$22+M43/Paramètres!$E$23+N43/Paramètres!$E$24+O43/Paramètres!$E$25+P43/Paramètres!$E$26+Q43/Paramètres!$E$27+R43/Paramètres!$E$28+S43/Paramètres!$E$29+T43/Paramètres!$E$30+U43/Paramètres!$E$31+V43/Paramètres!$E$32+W43/Paramètres!$E$33+X43/Paramètres!$E$34+Y43/Paramètres!$E$35,1) -> 0.6 | AA43: — | AB43: — | AC43: =$E43 -> fer | AD43: {=IF($I43>=$AI43,"Max",ROUND(Paramètres!$B$40*($I43+1)^Paramètres!$B$41*INDEX(Paramètres!$H$6:$H$12,$AF43),0))} -> 3 | AE43: =MATCH($B43&"|"&$C43,Profils!$A$5:$A$34,0) -> 2 | AF43: 1 | AG43: {=INDEX(Paramètres!$C$6:$C$12,$AF43)} -> 1 | AH43: {=INDEX(Paramètres!$D$6:$D$12,$AF43)} -> 2 | AI43: {=INDEX(Matériaux!$C$16:$C$20,$D43)} -> 20 | AJ43: =Paramètres!$B$16+(1-Paramètres!$B$16)*(($J43-Paramètres!$B$14)/(Paramètres!$B$15-Paramètres!$B$14))^Paramètres!$B$17 -> 0.14084793
A44: GUE-ARM-P2-RAR | B44: Guerrier | C44: Armure | D44: 2 | E44: {=INDEX(Matériaux!$B$5:$F$12,MATCH(INDEX(Profils!$E$5:$E$34,$AE44),Matériaux!$A$5:$A$12,0),$D44)} -> fer | F44: Rare | G44: {=INDEX(Profils!$D$5:$D$34,$AE44)&" en "&$E44} -> Plastron en fer | H44: {=INDEX(Matériaux!$B$16:$B$20,$D44)} -> 15 | I44: =IF(ISNUMBER($C$3),MIN(MAX(0,ROUND($C$3,0)),$AI44),$AI44) -> 0 | J44: =$H44+$I44 -> 15 | K44: — | L44: {=IF(AND(INDEX(Profils!$F$5:$F$34,$AE44)>0,INDEX(Profils!$U$5:$U$34,$AE44)<=$AH44),ROUND(INDEX(Profils!$F$5:$F$34,$AE44)*Paramètres!$E$22*$AG44*$AJ44,Paramètres!$F$22),0)} -> 10 | M44: {=IF(AND(INDEX(Profils!$G$5:$G$34,$AE44)>0,INDEX(Profils!$V$5:$V$34,$AE44)<=$AH44),ROUND(INDEX(Profils!$G$5:$G$34,$AE44)*Paramètres!$E$23*$AG44*$AJ44,Paramètres!$F$23),0)} -> 0 | N44: {=IF(AND(INDEX(Profils!$H$5:$H$34,$AE44)>0,INDEX(Profils!$W$5:$W$34,$AE44)<=$AH44),ROUND(INDEX(Profils!$H$5:$H$34,$AE44)*Paramètres!$E$24*$AG44*$AJ44,Paramètres!$F$24),0)} -> 5 | O44: {=IF(AND(INDEX(Profils!$I$5:$I$34,$AE44)>0,INDEX(Profils!$X$5:$X$34,$AE44)<=$AH44),ROUND(INDEX(Profils!$I$5:$I$34,$AE44)*Paramètres!$E$25*$AG44*$AJ44,Paramètres!$F$25),0)} -> 0 | P44: {=IF(AND(INDEX(Profils!$J$5:$J$34,$AE44)>0,INDEX(Profils!$Y$5:$Y$34,$AE44)<=$AH44),ROUND(INDEX(Profils!$J$5:$J$34,$AE44)*Paramètres!$E$26*$AG44*$AJ44,Paramètres!$F$26),0)} -> 0 | Q44: {=IF(AND(INDEX(Profils!$K$5:$K$34,$AE44)>0,INDEX(Profils!$Z$5:$Z$34,$AE44)<=$AH44),ROUND(INDEX(Profils!$K$5:$K$34,$AE44)*Paramètres!$E$27*$AG44*$AJ44,Paramètres!$F$27),0)} -> 0 | R44: {=IF(AND(INDEX(Profils!$L$5:$L$34,$AE44)>0,INDEX(Profils!$AA$5:$AA$34,$AE44)<=$AH44),ROUND(INDEX(Profils!$L$5:$L$34,$AE44)*Paramètres!$E$28*$AG44*$AJ44,Paramètres!$F$28),0)} -> 0 | S44: {=IF(AND(INDEX(Profils!$M$5:$M$34,$AE44)>0,INDEX(Profils!$AB$5:$AB$34,$AE44)<=$AH44),ROUND(INDEX(Profils!$M$5:$M$34,$AE44)*Paramètres!$E$29*$AG44*$AJ44,Paramètres!$F$29),0)} -> 0 | T44: {=IF(AND(INDEX(Profils!$N$5:$N$34,$AE44)>0,INDEX(Profils!$AC$5:$AC$34,$AE44)<=$AH44),ROUND(INDEX(Profils!$N$5:$N$34,$AE44)*Paramètres!$E$30*$AG44*$AJ44,Paramètres!$F$30),0)} -> 0 | U44: {=IF(AND(INDEX(Profils!$O$5:$O$34,$AE44)>0,INDEX(Profils!$AD$5:$AD$34,$AE44)<=$AH44),ROUND(INDEX(Profils!$O$5:$O$34,$AE44)*Paramètres!$E$31*$AG44*$AJ44,Paramètres!$F$31),0)} -> 7 | V44: {=IF(AND(INDEX(Profils!$P$5:$P$34,$AE44)>0,INDEX(Profils!$AE$5:$AE$34,$AE44)<=$AH44),ROUND(INDEX(Profils!$P$5:$P$34,$AE44)*Paramètres!$E$32*$AG44*$AJ44,Paramètres!$F$32),0)} -> 0 | W44: {=IF(AND(INDEX(Profils!$Q$5:$Q$34,$AE44)>0,INDEX(Profils!$AF$5:$AF$34,$AE44)<=$AH44),ROUND(INDEX(Profils!$Q$5:$Q$34,$AE44)*Paramètres!$E$33*$AG44*$AJ44,Paramètres!$F$33),0)} -> 0 | X44: {=IF(AND(INDEX(Profils!$R$5:$R$34,$AE44)>0,INDEX(Profils!$AG$5:$AG$34,$AE44)<=$AH44),ROUND(INDEX(Profils!$R$5:$R$34,$AE44)*Paramètres!$E$34*$AG44*$AJ44,Paramètres!$F$34),0)} -> 0 | Y44: {=IF(AND(INDEX(Profils!$S$5:$S$34,$AE44)>0,INDEX(Profils!$AH$5:$AH$34,$AE44)<=$AH44),ROUND(INDEX(Profils!$S$5:$S$34,$AE44)*Paramètres!$E$35*$AG44*$AJ44,Paramètres!$F$35),0)} -> 0 | Z44: =ROUND(L44/Paramètres!$E$22+M44/Paramètres!$E$23+N44/Paramètres!$E$24+O44/Paramètres!$E$25+P44/Paramètres!$E$26+Q44/Paramètres!$E$27+R44/Paramètres!$E$28+S44/Paramètres!$E$29+T44/Paramètres!$E$30+U44/Paramètres!$E$31+V44/Paramètres!$E$32+W44/Paramètres!$E$33+X44/Paramètres!$E$34+Y44/Paramètres!$E$35,1) -> 1.1 | AA44: — | AB44: — | AC44: =$E44 -> fer | AD44: {=IF($I44>=$AI44,"Max",ROUND(Paramètres!$B$40*($I44+1)^Paramètres!$B$41*INDEX(Paramètres!$H$6:$H$12,$AF44),0))} -> 4 | AE44: =MATCH($B44&"|"&$C44,Profils!$A$5:$A$34,0) -> 2 | AF44: 2 | AG44: {=INDEX(Paramètres!$C$6:$C$12,$AF44)} -> 1.2 | AH44: {=INDEX(Paramètres!$D$6:$D$12,$AF44)} -> 3 | AI44: {=INDEX(Matériaux!$C$16:$C$20,$D44)} -> 20 | AJ44: =Paramètres!$B$16+(1-Paramètres!$B$16)*(($J44-Paramètres!$B$14)/(Paramètres!$B$15-Paramètres!$B$14))^Paramètres!$B$17 -> 0.14084793
A45: GUE-ARM-P2-SRA | B45: Guerrier | C45: Armure | D45: 2 | E45: {=INDEX(Matériaux!$B$5:$F$12,MATCH(INDEX(Profils!$E$5:$E$34,$AE45),Matériaux!$A$5:$A$12,0),$D45)} -> fer | F45: Super rare | G45: {=INDEX(Profils!$D$5:$D$34,$AE45)&" en "&$E45} -> Plastron en fer | H45: {=INDEX(Matériaux!$B$16:$B$20,$D45)} -> 15 | I45: =IF(ISNUMBER($C$3),MIN(MAX(0,ROUND($C$3,0)),$AI45),$AI45) -> 0 | J45: =$H45+$I45 -> 15 | K45: — | L45: {=IF(AND(INDEX(Profils!$F$5:$F$34,$AE45)>0,INDEX(Profils!$U$5:$U$34,$AE45)<=$AH45),ROUND(INDEX(Profils!$F$5:$F$34,$AE45)*Paramètres!$E$22*$AG45*$AJ45,Paramètres!$F$22),0)} -> 12 | M45: {=IF(AND(INDEX(Profils!$G$5:$G$34,$AE45)>0,INDEX(Profils!$V$5:$V$34,$AE45)<=$AH45),ROUND(INDEX(Profils!$G$5:$G$34,$AE45)*Paramètres!$E$23*$AG45*$AJ45,Paramètres!$F$23),0)} -> 2 | N45: {=IF(AND(INDEX(Profils!$H$5:$H$34,$AE45)>0,INDEX(Profils!$W$5:$W$34,$AE45)<=$AH45),ROUND(INDEX(Profils!$H$5:$H$34,$AE45)*Paramètres!$E$24*$AG45*$AJ45,Paramètres!$F$24),0)} -> 6 | O45: {=IF(AND(INDEX(Profils!$I$5:$I$34,$AE45)>0,INDEX(Profils!$X$5:$X$34,$AE45)<=$AH45),ROUND(INDEX(Profils!$I$5:$I$34,$AE45)*Paramètres!$E$25*$AG45*$AJ45,Paramètres!$F$25),0)} -> 0 | P45: {=IF(AND(INDEX(Profils!$J$5:$J$34,$AE45)>0,INDEX(Profils!$Y$5:$Y$34,$AE45)<=$AH45),ROUND(INDEX(Profils!$J$5:$J$34,$AE45)*Paramètres!$E$26*$AG45*$AJ45,Paramètres!$F$26),0)} -> 0 | Q45: {=IF(AND(INDEX(Profils!$K$5:$K$34,$AE45)>0,INDEX(Profils!$Z$5:$Z$34,$AE45)<=$AH45),ROUND(INDEX(Profils!$K$5:$K$34,$AE45)*Paramètres!$E$27*$AG45*$AJ45,Paramètres!$F$27),0)} -> 0 | R45: {=IF(AND(INDEX(Profils!$L$5:$L$34,$AE45)>0,INDEX(Profils!$AA$5:$AA$34,$AE45)<=$AH45),ROUND(INDEX(Profils!$L$5:$L$34,$AE45)*Paramètres!$E$28*$AG45*$AJ45,Paramètres!$F$28),0)} -> 0 | S45: {=IF(AND(INDEX(Profils!$M$5:$M$34,$AE45)>0,INDEX(Profils!$AB$5:$AB$34,$AE45)<=$AH45),ROUND(INDEX(Profils!$M$5:$M$34,$AE45)*Paramètres!$E$29*$AG45*$AJ45,Paramètres!$F$29),0)} -> 0 | T45: {=IF(AND(INDEX(Profils!$N$5:$N$34,$AE45)>0,INDEX(Profils!$AC$5:$AC$34,$AE45)<=$AH45),ROUND(INDEX(Profils!$N$5:$N$34,$AE45)*Paramètres!$E$30*$AG45*$AJ45,Paramètres!$F$30),0)} -> 0 | U45: {=IF(AND(INDEX(Profils!$O$5:$O$34,$AE45)>0,INDEX(Profils!$AD$5:$AD$34,$AE45)<=$AH45),ROUND(INDEX(Profils!$O$5:$O$34,$AE45)*Paramètres!$E$31*$AG45*$AJ45,Paramètres!$F$31),0)} -> 9 | V45: {=IF(AND(INDEX(Profils!$P$5:$P$34,$AE45)>0,INDEX(Profils!$AE$5:$AE$34,$AE45)<=$AH45),ROUND(INDEX(Profils!$P$5:$P$34,$AE45)*Paramètres!$E$32*$AG45*$AJ45,Paramètres!$F$32),0)} -> 0 | W45: {=IF(AND(INDEX(Profils!$Q$5:$Q$34,$AE45)>0,INDEX(Profils!$AF$5:$AF$34,$AE45)<=$AH45),ROUND(INDEX(Profils!$Q$5:$Q$34,$AE45)*Paramètres!$E$33*$AG45*$AJ45,Paramètres!$F$33),0)} -> 0 | X45: {=IF(AND(INDEX(Profils!$R$5:$R$34,$AE45)>0,INDEX(Profils!$AG$5:$AG$34,$AE45)<=$AH45),ROUND(INDEX(Profils!$R$5:$R$34,$AE45)*Paramètres!$E$34*$AG45*$AJ45,Paramètres!$F$34),0)} -> 0 | Y45: {=IF(AND(INDEX(Profils!$S$5:$S$34,$AE45)>0,INDEX(Profils!$AH$5:$AH$34,$AE45)<=$AH45),ROUND(INDEX(Profils!$S$5:$S$34,$AE45)*Paramètres!$E$35*$AG45*$AJ45,Paramètres!$F$35),0)} -> 0 | Z45: =ROUND(L45/Paramètres!$E$22+M45/Paramètres!$E$23+N45/Paramètres!$E$24+O45/Paramètres!$E$25+P45/Paramètres!$E$26+Q45/Paramètres!$E$27+R45/Paramètres!$E$28+S45/Paramètres!$E$29+T45/Paramètres!$E$30+U45/Paramètres!$E$31+V45/Paramètres!$E$32+W45/Paramètres!$E$33+X45/Paramètres!$E$34+Y45/Paramètres!$E$35,1) -> 1.5 | AA45: — | AB45: — | AC45: =$E45 -> fer | AD45: {=IF($I45>=$AI45,"Max",ROUND(Paramètres!$B$40*($I45+1)^Paramètres!$B$41*INDEX(Paramètres!$H$6:$H$12,$AF45),0))} -> 4 | AE45: =MATCH($B45&"|"&$C45,Profils!$A$5:$A$34,0) -> 2 | AF45: 3 | AG45: {=INDEX(Paramètres!$C$6:$C$12,$AF45)} -> 1.45 | AH45: {=INDEX(Paramètres!$D$6:$D$12,$AF45)} -> 4 | AI45: {=INDEX(Matériaux!$C$16:$C$20,$D45)} -> 20 | AJ45: =Paramètres!$B$16+(1-Paramètres!$B$16)*(($J45-Paramètres!$B$14)/(Paramètres!$B$15-Paramètres!$B$14))^Paramètres!$B$17 -> 0.14084793
A46: GUE-ARM-P2-EPI | B46: Guerrier | C46: Armure | D46: 2 | E46: {=INDEX(Matériaux!$B$5:$F$12,MATCH(INDEX(Profils!$E$5:$E$34,$AE46),Matériaux!$A$5:$A$12,0),$D46)} -> fer | F46: Épique | G46: {=INDEX(Profils!$D$5:$D$34,$AE46)&" en "&$E46} -> Plastron en fer | H46: {=INDEX(Matériaux!$B$16:$B$20,$D46)} -> 15 | I46: =IF(ISNUMBER($C$3),MIN(MAX(0,ROUND($C$3,0)),$AI46),$AI46) -> 0 | J46: =$H46+$I46 -> 15 | K46: — | L46: {=IF(AND(INDEX(Profils!$F$5:$F$34,$AE46)>0,INDEX(Profils!$U$5:$U$34,$AE46)<=$AH46),ROUND(INDEX(Profils!$F$5:$F$34,$AE46)*Paramètres!$E$22*$AG46*$AJ46,Paramètres!$F$22),0)} -> 15 | M46: {=IF(AND(INDEX(Profils!$G$5:$G$34,$AE46)>0,INDEX(Profils!$V$5:$V$34,$AE46)<=$AH46),ROUND(INDEX(Profils!$G$5:$G$34,$AE46)*Paramètres!$E$23*$AG46*$AJ46,Paramètres!$F$23),0)} -> 3 | N46: {=IF(AND(INDEX(Profils!$H$5:$H$34,$AE46)>0,INDEX(Profils!$W$5:$W$34,$AE46)<=$AH46),ROUND(INDEX(Profils!$H$5:$H$34,$AE46)*Paramètres!$E$24*$AG46*$AJ46,Paramètres!$F$24),0)} -> 7 | O46: {=IF(AND(INDEX(Profils!$I$5:$I$34,$AE46)>0,INDEX(Profils!$X$5:$X$34,$AE46)<=$AH46),ROUND(INDEX(Profils!$I$5:$I$34,$AE46)*Paramètres!$E$25*$AG46*$AJ46,Paramètres!$F$25),0)} -> 0 | P46: {=IF(AND(INDEX(Profils!$J$5:$J$34,$AE46)>0,INDEX(Profils!$Y$5:$Y$34,$AE46)<=$AH46),ROUND(INDEX(Profils!$J$5:$J$34,$AE46)*Paramètres!$E$26*$AG46*$AJ46,Paramètres!$F$26),0)} -> 0 | Q46: {=IF(AND(INDEX(Profils!$K$5:$K$34,$AE46)>0,INDEX(Profils!$Z$5:$Z$34,$AE46)<=$AH46),ROUND(INDEX(Profils!$K$5:$K$34,$AE46)*Paramètres!$E$27*$AG46*$AJ46,Paramètres!$F$27),0)} -> 0 | R46: {=IF(AND(INDEX(Profils!$L$5:$L$34,$AE46)>0,INDEX(Profils!$AA$5:$AA$34,$AE46)<=$AH46),ROUND(INDEX(Profils!$L$5:$L$34,$AE46)*Paramètres!$E$28*$AG46*$AJ46,Paramètres!$F$28),0)} -> 0 | S46: {=IF(AND(INDEX(Profils!$M$5:$M$34,$AE46)>0,INDEX(Profils!$AB$5:$AB$34,$AE46)<=$AH46),ROUND(INDEX(Profils!$M$5:$M$34,$AE46)*Paramètres!$E$29*$AG46*$AJ46,Paramètres!$F$29),0)} -> 0 | T46: {=IF(AND(INDEX(Profils!$N$5:$N$34,$AE46)>0,INDEX(Profils!$AC$5:$AC$34,$AE46)<=$AH46),ROUND(INDEX(Profils!$N$5:$N$34,$AE46)*Paramètres!$E$30*$AG46*$AJ46,Paramètres!$F$30),0)} -> 0 | U46: {=IF(AND(INDEX(Profils!$O$5:$O$34,$AE46)>0,INDEX(Profils!$AD$5:$AD$34,$AE46)<=$AH46),ROUND(INDEX(Profils!$O$5:$O$34,$AE46)*Paramètres!$E$31*$AG46*$AJ46,Paramètres!$F$31),0)} -> 11 | V46: {=IF(AND(INDEX(Profils!$P$5:$P$34,$AE46)>0,INDEX(Profils!$AE$5:$AE$34,$AE46)<=$AH46),ROUND(INDEX(Profils!$P$5:$P$34,$AE46)*Paramètres!$E$32*$AG46*$AJ46,Paramètres!$F$32),0)} -> 0 | W46: {=IF(AND(INDEX(Profils!$Q$5:$Q$34,$AE46)>0,INDEX(Profils!$AF$5:$AF$34,$AE46)<=$AH46),ROUND(INDEX(Profils!$Q$5:$Q$34,$AE46)*Paramètres!$E$33*$AG46*$AJ46,Paramètres!$F$33),0)} -> 0.003 | X46: {=IF(AND(INDEX(Profils!$R$5:$R$34,$AE46)>0,INDEX(Profils!$AG$5:$AG$34,$AE46)<=$AH46),ROUND(INDEX(Profils!$R$5:$R$34,$AE46)*Paramètres!$E$34*$AG46*$AJ46,Paramètres!$F$34),0)} -> 0 | Y46: {=IF(AND(INDEX(Profils!$S$5:$S$34,$AE46)>0,INDEX(Profils!$AH$5:$AH$34,$AE46)<=$AH46),ROUND(INDEX(Profils!$S$5:$S$34,$AE46)*Paramètres!$E$35*$AG46*$AJ46,Paramètres!$F$35),0)} -> 0 | Z46: =ROUND(L46/Paramètres!$E$22+M46/Paramètres!$E$23+N46/Paramètres!$E$24+O46/Paramètres!$E$25+P46/Paramètres!$E$26+Q46/Paramètres!$E$27+R46/Paramètres!$E$28+S46/Paramètres!$E$29+T46/Paramètres!$E$30+U46/Paramètres!$E$31+V46/Paramètres!$E$32+W46/Paramètres!$E$33+X46/Paramètres!$E$34+Y46/Paramètres!$E$35,1) -> 2 | AA46: — | AB46: — | AC46: =$E46 -> fer | AD46: {=IF($I46>=$AI46,"Max",ROUND(Paramètres!$B$40*($I46+1)^Paramètres!$B$41*INDEX(Paramètres!$H$6:$H$12,$AF46),0))} -> 5 | AE46: =MATCH($B46&"|"&$C46,Profils!$A$5:$A$34,0) -> 2 | AF46: 4 | AG46: {=INDEX(Paramètres!$C$6:$C$12,$AF46)} -> 1.75 | AH46: {=INDEX(Paramètres!$D$6:$D$12,$AF46)} -> 5 | AI46: {=INDEX(Matériaux!$C$16:$C$20,$D46)} -> 20 | AJ46: =Paramètres!$B$16+(1-Paramètres!$B$16)*(($J46-Paramètres!$B$14)/(Paramètres!$B$15-Paramètres!$B$14))^Paramètres!$B$17 -> 0.14084793
A47: GUE-ARM-P2-MYT | B47: Guerrier | C47: Armure | D47: 2 | E47: {=INDEX(Matériaux!$B$5:$F$12,MATCH(INDEX(Profils!$E$5:$E$34,$AE47),Matériaux!$A$5:$A$12,0),$D47)} -> fer | F47: Mythique | G47: {=INDEX(Profils!$D$5:$D$34,$AE47)&" en "&$E47} -> Plastron en fer | H47: {=INDEX(Matériaux!$B$16:$B$20,$D47)} -> 15 | I47: =IF(ISNUMBER($C$3),MIN(MAX(0,ROUND($C$3,0)),$AI47),$AI47) -> 0 | J47: =$H47+$I47 -> 15 | K47: — | L47: {=IF(AND(INDEX(Profils!$F$5:$F$34,$AE47)>0,INDEX(Profils!$U$5:$U$34,$AE47)<=$AH47),ROUND(INDEX(Profils!$F$5:$F$34,$AE47)*Paramètres!$E$22*$AG47*$AJ47,Paramètres!$F$22),0)} -> 18 | M47: {=IF(AND(INDEX(Profils!$G$5:$G$34,$AE47)>0,INDEX(Profils!$V$5:$V$34,$AE47)<=$AH47),ROUND(INDEX(Profils!$G$5:$G$34,$AE47)*Paramètres!$E$23*$AG47*$AJ47,Paramètres!$F$23),0)} -> 4 | N47: {=IF(AND(INDEX(Profils!$H$5:$H$34,$AE47)>0,INDEX(Profils!$W$5:$W$34,$AE47)<=$AH47),ROUND(INDEX(Profils!$H$5:$H$34,$AE47)*Paramètres!$E$24*$AG47*$AJ47,Paramètres!$F$24),0)} -> 8 | O47: {=IF(AND(INDEX(Profils!$I$5:$I$34,$AE47)>0,INDEX(Profils!$X$5:$X$34,$AE47)<=$AH47),ROUND(INDEX(Profils!$I$5:$I$34,$AE47)*Paramètres!$E$25*$AG47*$AJ47,Paramètres!$F$25),0)} -> 0 | P47: {=IF(AND(INDEX(Profils!$J$5:$J$34,$AE47)>0,INDEX(Profils!$Y$5:$Y$34,$AE47)<=$AH47),ROUND(INDEX(Profils!$J$5:$J$34,$AE47)*Paramètres!$E$26*$AG47*$AJ47,Paramètres!$F$26),0)} -> 0 | Q47: {=IF(AND(INDEX(Profils!$K$5:$K$34,$AE47)>0,INDEX(Profils!$Z$5:$Z$34,$AE47)<=$AH47),ROUND(INDEX(Profils!$K$5:$K$34,$AE47)*Paramètres!$E$27*$AG47*$AJ47,Paramètres!$F$27),0)} -> 0 | R47: {=IF(AND(INDEX(Profils!$L$5:$L$34,$AE47)>0,INDEX(Profils!$AA$5:$AA$34,$AE47)<=$AH47),ROUND(INDEX(Profils!$L$5:$L$34,$AE47)*Paramètres!$E$28*$AG47*$AJ47,Paramètres!$F$28),0)} -> 0 | S47: {=IF(AND(INDEX(Profils!$M$5:$M$34,$AE47)>0,INDEX(Profils!$AB$5:$AB$34,$AE47)<=$AH47),ROUND(INDEX(Profils!$M$5:$M$34,$AE47)*Paramètres!$E$29*$AG47*$AJ47,Paramètres!$F$29),0)} -> 0 | T47: {=IF(AND(INDEX(Profils!$N$5:$N$34,$AE47)>0,INDEX(Profils!$AC$5:$AC$34,$AE47)<=$AH47),ROUND(INDEX(Profils!$N$5:$N$34,$AE47)*Paramètres!$E$30*$AG47*$AJ47,Paramètres!$F$30),0)} -> 0 | U47: {=IF(AND(INDEX(Profils!$O$5:$O$34,$AE47)>0,INDEX(Profils!$AD$5:$AD$34,$AE47)<=$AH47),ROUND(INDEX(Profils!$O$5:$O$34,$AE47)*Paramètres!$E$31*$AG47*$AJ47,Paramètres!$F$31),0)} -> 13 | V47: {=IF(AND(INDEX(Profils!$P$5:$P$34,$AE47)>0,INDEX(Profils!$AE$5:$AE$34,$AE47)<=$AH47),ROUND(INDEX(Profils!$P$5:$P$34,$AE47)*Paramètres!$E$32*$AG47*$AJ47,Paramètres!$F$32),0)} -> 0 | W47: {=IF(AND(INDEX(Profils!$Q$5:$Q$34,$AE47)>0,INDEX(Profils!$AF$5:$AF$34,$AE47)<=$AH47),ROUND(INDEX(Profils!$Q$5:$Q$34,$AE47)*Paramètres!$E$33*$AG47*$AJ47,Paramètres!$F$33),0)} -> 0.004 | X47: {=IF(AND(INDEX(Profils!$R$5:$R$34,$AE47)>0,INDEX(Profils!$AG$5:$AG$34,$AE47)<=$AH47),ROUND(INDEX(Profils!$R$5:$R$34,$AE47)*Paramètres!$E$34*$AG47*$AJ47,Paramètres!$F$34),0)} -> 0 | Y47: {=IF(AND(INDEX(Profils!$S$5:$S$34,$AE47)>0,INDEX(Profils!$AH$5:$AH$34,$AE47)<=$AH47),ROUND(INDEX(Profils!$S$5:$S$34,$AE47)*Paramètres!$E$35*$AG47*$AJ47,Paramètres!$F$35),0)} -> 0.003 | Z47: =ROUND(L47/Paramètres!$E$22+M47/Paramètres!$E$23+N47/Paramètres!$E$24+O47/Paramètres!$E$25+P47/Paramètres!$E$26+Q47/Paramètres!$E$27+R47/Paramètres!$E$28+S47/Paramètres!$E$29+T47/Paramètres!$E$30+U47/Paramètres!$E$31+V47/Paramètres!$E$32+W47/Paramètres!$E$33+X47/Paramètres!$E$34+Y47/Paramètres!$E$35,1) -> 2.6 | AA47: — | AB47: — | AC47: =$E47 -> fer | AD47: {=IF($I47>=$AI47,"Max",ROUND(Paramètres!$B$40*($I47+1)^Paramètres!$B$41*INDEX(Paramètres!$H$6:$H$12,$AF47),0))} -> 6 | AE47: =MATCH($B47&"|"&$C47,Profils!$A$5:$A$34,0) -> 2 | AF47: 5 | AG47: {=INDEX(Paramètres!$C$6:$C$12,$AF47)} -> 2.1 | AH47: {=INDEX(Paramètres!$D$6:$D$12,$AF47)} -> 6 | AI47: {=INDEX(Matériaux!$C$16:$C$20,$D47)} -> 20 | AJ47: =Paramètres!$B$16+(1-Paramètres!$B$16)*(($J47-Paramètres!$B$14)/(Paramètres!$B$15-Paramètres!$B$14))^Paramètres!$B$17 -> 0.14084793
A48: GUE-ARM-P2-LEG | B48: Guerrier | C48: Armure | D48: 2 | E48: {=INDEX(Matériaux!$B$5:$F$12,MATCH(INDEX(Profils!$E$5:$E$34,$AE48),Matériaux!$A$5:$A$12,0),$D48)} -> fer | F48: Légendaire | G48: {=INDEX(Profils!$D$5:$D$34,$AE48)&" en "&$E48} -> Plastron en fer | H48: {=INDEX(Matériaux!$B$16:$B$20,$D48)} -> 15 | I48: =IF(ISNUMBER($C$3),MIN(MAX(0,ROUND($C$3,0)),$AI48),$AI48) -> 0 | J48: =$H48+$I48 -> 15 | K48: — | L48: {=IF(AND(INDEX(Profils!$F$5:$F$34,$AE48)>0,INDEX(Profils!$U$5:$U$34,$AE48)<=$AH48),ROUND(INDEX(Profils!$F$5:$F$34,$AE48)*Paramètres!$E$22*$AG48*$AJ48,Paramètres!$F$22),0)} -> 20 | M48: {=IF(AND(INDEX(Profils!$G$5:$G$34,$AE48)>0,INDEX(Profils!$V$5:$V$34,$AE48)<=$AH48),ROUND(INDEX(Profils!$G$5:$G$34,$AE48)*Paramètres!$E$23*$AG48*$AJ48,Paramètres!$F$23),0)} -> 4 | N48: {=IF(AND(INDEX(Profils!$H$5:$H$34,$AE48)>0,INDEX(Profils!$W$5:$W$34,$AE48)<=$AH48),ROUND(INDEX(Profils!$H$5:$H$34,$AE48)*Paramètres!$E$24*$AG48*$AJ48,Paramètres!$F$24),0)} -> 9 | O48: {=IF(AND(INDEX(Profils!$I$5:$I$34,$AE48)>0,INDEX(Profils!$X$5:$X$34,$AE48)<=$AH48),ROUND(INDEX(Profils!$I$5:$I$34,$AE48)*Paramètres!$E$25*$AG48*$AJ48,Paramètres!$F$25),0)} -> 0 | P48: {=IF(AND(INDEX(Profils!$J$5:$J$34,$AE48)>0,INDEX(Profils!$Y$5:$Y$34,$AE48)<=$AH48),ROUND(INDEX(Profils!$J$5:$J$34,$AE48)*Paramètres!$E$26*$AG48*$AJ48,Paramètres!$F$26),0)} -> 1 | Q48: {=IF(AND(INDEX(Profils!$K$5:$K$34,$AE48)>0,INDEX(Profils!$Z$5:$Z$34,$AE48)<=$AH48),ROUND(INDEX(Profils!$K$5:$K$34,$AE48)*Paramètres!$E$27*$AG48*$AJ48,Paramètres!$F$27),0)} -> 0 | R48: {=IF(AND(INDEX(Profils!$L$5:$L$34,$AE48)>0,INDEX(Profils!$AA$5:$AA$34,$AE48)<=$AH48),ROUND(INDEX(Profils!$L$5:$L$34,$AE48)*Paramètres!$E$28*$AG48*$AJ48,Paramètres!$F$28),0)} -> 0 | S48: {=IF(AND(INDEX(Profils!$M$5:$M$34,$AE48)>0,INDEX(Profils!$AB$5:$AB$34,$AE48)<=$AH48),ROUND(INDEX(Profils!$M$5:$M$34,$AE48)*Paramètres!$E$29*$AG48*$AJ48,Paramètres!$F$29),0)} -> 0 | T48: {=IF(AND(INDEX(Profils!$N$5:$N$34,$AE48)>0,INDEX(Profils!$AC$5:$AC$34,$AE48)<=$AH48),ROUND(INDEX(Profils!$N$5:$N$34,$AE48)*Paramètres!$E$30*$AG48*$AJ48,Paramètres!$F$30),0)} -> 0 | U48: {=IF(AND(INDEX(Profils!$O$5:$O$34,$AE48)>0,INDEX(Profils!$AD$5:$AD$34,$AE48)<=$AH48),ROUND(INDEX(Profils!$O$5:$O$34,$AE48)*Paramètres!$E$31*$AG48*$AJ48,Paramètres!$F$31),0)} -> 15 | V48: {=IF(AND(INDEX(Profils!$P$5:$P$34,$AE48)>0,INDEX(Profils!$AE$5:$AE$34,$AE48)<=$AH48),ROUND(INDEX(Profils!$P$5:$P$34,$AE48)*Paramètres!$E$32*$AG48*$AJ48,Paramètres!$F$32),0)} -> 0 | W48: {=IF(AND(INDEX(Profils!$Q$5:$Q$34,$AE48)>0,INDEX(Profils!$AF$5:$AF$34,$AE48)<=$AH48),ROUND(INDEX(Profils!$Q$5:$Q$34,$AE48)*Paramètres!$E$33*$AG48*$AJ48,Paramètres!$F$33),0)} -> 0.004 | X48: {=IF(AND(INDEX(Profils!$R$5:$R$34,$AE48)>0,INDEX(Profils!$AG$5:$AG$34,$AE48)<=$AH48),ROUND(INDEX(Profils!$R$5:$R$34,$AE48)*Paramètres!$E$34*$AG48*$AJ48,Paramètres!$F$34),0)} -> 0 | Y48: {=IF(AND(INDEX(Profils!$S$5:$S$34,$AE48)>0,INDEX(Profils!$AH$5:$AH$34,$AE48)<=$AH48),ROUND(INDEX(Profils!$S$5:$S$34,$AE48)*Paramètres!$E$35*$AG48*$AJ48,Paramètres!$F$35),0)} -> 0.003 | Z48: =ROUND(L48/Paramètres!$E$22+M48/Paramètres!$E$23+N48/Paramètres!$E$24+O48/Paramètres!$E$25+P48/Paramètres!$E$26+Q48/Paramètres!$E$27+R48/Paramètres!$E$28+S48/Paramètres!$E$29+T48/Paramètres!$E$30+U48/Paramètres!$E$31+V48/Paramètres!$E$32+W48/Paramètres!$E$33+X48/Paramètres!$E$34+Y48/Paramètres!$E$35,1) -> 3 | AA48: — | AB48: — | AC48: =$E48 -> fer | AD48: {=IF($I48>=$AI48,"Max",ROUND(Paramètres!$B$40*($I48+1)^Paramètres!$B$41*INDEX(Paramètres!$H$6:$H$12,$AF48),0))} -> 8 | AE48: =MATCH($B48&"|"&$C48,Profils!$A$5:$A$34,0) -> 2 | AF48: 6 | AG48: {=INDEX(Paramètres!$C$6:$C$12,$AF48)} -> 2.4 | AH48: {=INDEX(Paramètres!$D$6:$D$12,$AF48)} -> 7 | AI48: {=INDEX(Matériaux!$C$16:$C$20,$D48)} -> 20 | AJ48: =Paramètres!$B$16+(1-Paramètres!$B$16)*(($J48-Paramètres!$B$14)/(Paramètres!$B$15-Paramètres!$B$14))^Paramètres!$B$17 -> 0.14084793
... A66: GUE-ARM-P5-LEG | B66: Guerrier | C66: Armure | D66: 5 | E66: {=INDEX(Matériaux!$B$5:$F$12,MATCH(INDEX(Profils!$E$5:$E$34,$AE66),Matériaux!$A$5:$A$12,0),$D66)} -> adamantite | F66: Légendaire | G66: {=INDEX(Profils!$D$5:$D$34,$AE66)&" en "&$E66} -> Plastron en adamantite | H66: {=INDEX(Matériaux!$B$16:$B$20,$D66)} -> 70 | I66: =IF(ISNUMBER($C$3),MIN(MAX(0,ROUND($C$3,0)),$AI66),$AI66) -> 0 | J66: =$H66+$I66 -> 70 | K66: — | L66: {=IF(AND(INDEX(Profils!$F$5:$F$34,$AE66)>0,INDEX(Profils!$U$5:$U$34,$AE66)<=$AH66),ROUND(INDEX(Profils!$F$5:$F$34,$AE66)*Paramètres!$E$22*$AG66*$AJ66,Paramètres!$F$22),0)} -> 96 | M66: {=IF(AND(INDEX(Profils!$G$5:$G$34,$AE66)>0,INDEX(Profils!$V$5:$V$34,$AE66)<=$AH66),ROUND(INDEX(Profils!$G$5:$G$34,$AE66)*Paramètres!$E$23*$AG66*$AJ66,Paramètres!$F$23),0)} -> 19 | N66: {=IF(AND(INDEX(Profils!$H$5:$H$34,$AE66)>0,INDEX(Profils!$W$5:$W$34,$AE66)<=$AH66),ROUND(INDEX(Profils!$H$5:$H$34,$AE66)*Paramètres!$E$24*$AG66*$AJ66,Paramètres!$F$24),0)} -> 43 | O66: {=IF(AND(INDEX(Profils!$I$5:$I$34,$AE66)>0,INDEX(Profils!$X$5:$X$34,$AE66)<=$AH66),ROUND(INDEX(Profils!$I$5:$I$34,$AE66)*Paramètres!$E$25*$AG66*$AJ66,Paramètres!$F$25),0)} -> 0 | P66: {=IF(AND(INDEX(Profils!$J$5:$J$34,$AE66)>0,INDEX(Profils!$Y$5:$Y$34,$AE66)<=$AH66),ROUND(INDEX(Profils!$J$5:$J$34,$AE66)*Paramètres!$E$26*$AG66*$AJ66,Paramètres!$F$26),0)} -> 6 | Q66: {=IF(AND(INDEX(Profils!$K$5:$K$34,$AE66)>0,INDEX(Profils!$Z$5:$Z$34,$AE66)<=$AH66),ROUND(INDEX(Profils!$K$5:$K$34,$AE66)*Paramètres!$E$27*$AG66*$AJ66,Paramètres!$F$27),0)} -> 0 | R66: {=IF(AND(INDEX(Profils!$L$5:$L$34,$AE66)>0,INDEX(Profils!$AA$5:$AA$34,$AE66)<=$AH66),ROUND(INDEX(Profils!$L$5:$L$34,$AE66)*Paramètres!$E$28*$AG66*$AJ66,Paramètres!$F$28),0)} -> 0 | S66: {=IF(AND(INDEX(Profils!$M$5:$M$34,$AE66)>0,INDEX(Profils!$AB$5:$AB$34,$AE66)<=$AH66),ROUND(INDEX(Profils!$M$5:$M$34,$AE66)*Paramètres!$E$29*$AG66*$AJ66,Paramètres!$F$29),0)} -> 0 | T66: {=IF(AND(INDEX(Profils!$N$5:$N$34,$AE66)>0,INDEX(Profils!$AC$5:$AC$34,$AE66)<=$AH66),ROUND(INDEX(Profils!$N$5:$N$34,$AE66)*Paramètres!$E$30*$AG66*$AJ66,Paramètres!$F$30),0)} -> 0 | U66: {=IF(AND(INDEX(Profils!$O$5:$O$34,$AE66)>0,INDEX(Profils!$AD$5:$AD$34,$AE66)<=$AH66),ROUND(INDEX(Profils!$O$5:$O$34,$AE66)*Paramètres!$E$31*$AG66*$AJ66,Paramètres!$F$31),0)} -> 70 | V66: {=IF(AND(INDEX(Profils!$P$5:$P$34,$AE66)>0,INDEX(Profils!$AE$5:$AE$34,$AE66)<=$AH66),ROUND(INDEX(Profils!$P$5:$P$34,$AE66)*Paramètres!$E$32*$AG66*$AJ66,Paramètres!$F$32),0)} -> 0 | W66: {=IF(AND(INDEX(Profils!$Q$5:$Q$34,$AE66)>0,INDEX(Profils!$AF$5:$AF$34,$AE66)<=$AH66),ROUND(INDEX(Profils!$Q$5:$Q$34,$AE66)*Paramètres!$E$33*$AG66*$AJ66,Paramètres!$F$33),0)} -> 0.019 | X66: {=IF(AND(INDEX(Profils!$R$5:$R$34,$AE66)>0,INDEX(Profils!$AG$5:$AG$34,$AE66)<=$AH66),ROUND(INDEX(Profils!$R$5:$R$34,$AE66)*Paramètres!$E$34*$AG66*$AJ66,Paramètres!$F$34),0)} -> 0 | Y66: {=IF(AND(INDEX(Profils!$S$5:$S$34,$AE66)>0,INDEX(Profils!$AH$5:$AH$34,$AE66)<=$AH66),ROUND(INDEX(Profils!$S$5:$S$34,$AE66)*Paramètres!$E$35*$AG66*$AJ66,Paramètres!$F$35),0)} -> 0.014 | Z66: =ROUND(L66/Paramètres!$E$22+M66/Paramètres!$E$23+N66/Paramètres!$E$24+O66/Paramètres!$E$25+P66/Paramètres!$E$26+Q66/Paramètres!$E$27+R66/Paramètres!$E$28+S66/Paramètres!$E$29+T66/Paramètres!$E$30+U66/Paramètres!$E$31+V66/Paramètres!$E$32+W66/Paramètres!$E$33+X66/Paramètres!$E$34+Y66/Paramètres!$E$35,1) -> 14.2 | AA66: — | AB66: — | AC66: =$E66 -> adamantite | AD66: {=IF($I66>=$AI66,"Max",ROUND(Paramètres!$B$40*($I66+1)^Paramètres!$B$41*INDEX(Paramètres!$H$6:$H$12,$AF66),0))} -> 8 | AE66: =MATCH($B66&"|"&$C66,Profils!$A$5:$A$34,0) -> 2 | AF66: 6 | AG66: {=INDEX(Paramètres!$C$6:$C$12,$AF66)} -> 2.4 | AH66: {=INDEX(Paramètres!$D$6:$D$12,$AF66)} -> 7 | AI66: {=INDEX(Matériaux!$C$16:$C$20,$D66)} -> 30 | AJ66: =Paramètres!$B$16+(1-Paramètres!$B$16)*(($J66-Paramètres!$B$14)/(Paramètres!$B$15-Paramètres!$B$14))^Paramètres!$B$17 -> 0.66599939
A67: GUE-ARM-UNI | B67: Guerrier | C67: Armure | D67: — | E67: — | F67: Unique | G67: {=INDEX(Uniques!$E$5:$E$34,MATCH($B67&"|"&$C67,Uniques!$A$5:$A$34,0))} -> Plastron du Titan de Pierre | H67: {=INDEX(Uniques!$L$5:$L$34,MATCH($B67&"|"&$C67,Uniques!$A$5:$A$34,0))} -> 11 | I67: =IF(ISNUMBER($C$3),MIN(MAX(0,ROUND($C$3,0)),$AI67),$AI67) -> 0 | J67: =$H67+$I67 -> 11 | K67: {=INDEX(Uniques!$F$5:$F$34,MATCH($B67&"|"&$C67,Uniques!$A$5:$A$34,0))} -> Terre | L67: {=IF(AND(INDEX(Profils!$F$5:$F$34,$AE67)>0,INDEX(Profils!$U$5:$U$34,$AE67)<=$AH67),ROUND(INDEX(Profils!$F$5:$F$34,$AE67)*Paramètres!$E$22*$AG67*$AJ67,Paramètres!$F$22),0)} -> 17 | M67: {=IF(AND(INDEX(Profils!$G$5:$G$34,$AE67)>0,INDEX(Profils!$V$5:$V$34,$AE67)<=$AH67),ROUND(INDEX(Profils!$G$5:$G$34,$AE67)*Paramètres!$E$23*$AG67*$AJ67,Paramètres!$F$23),0)} -> 3 | N67: {=IF(AND(INDEX(Profils!$H$5:$H$34,$AE67)>0,INDEX(Profils!$W$5:$W$34,$AE67)<=$AH67),ROUND(INDEX(Profils!$H$5:$H$34,$AE67)*Paramètres!$E$24*$AG67*$AJ67,Paramètres!$F$24),0)} -> 7 | O67: {=IF(AND(INDEX(Profils!$I$5:$I$34,$AE67)>0,INDEX(Profils!$X$5:$X$34,$AE67)<=$AH67),ROUND(INDEX(Profils!$I$5:$I$34,$AE67)*Paramètres!$E$25*$AG67*$AJ67,Paramètres!$F$25),0)} -> 0 | P67: {=IF(AND(INDEX(Profils!$J$5:$J$34,$AE67)>0,INDEX(Profils!$Y$5:$Y$34,$AE67)<=$AH67),ROUND(INDEX(Profils!$J$5:$J$34,$AE67)*Paramètres!$E$26*$AG67*$AJ67,Paramètres!$F$26),0)} -> 1 | Q67: {=IF(AND(INDEX(Profils!$K$5:$K$34,$AE67)>0,INDEX(Profils!$Z$5:$Z$34,$AE67)<=$AH67),ROUND(INDEX(Profils!$K$5:$K$34,$AE67)*Paramètres!$E$27*$AG67*$AJ67,Paramètres!$F$27),0)} -> 0 | R67: {=IF(AND(INDEX(Profils!$L$5:$L$34,$AE67)>0,INDEX(Profils!$AA$5:$AA$34,$AE67)<=$AH67),ROUND(INDEX(Profils!$L$5:$L$34,$AE67)*Paramètres!$E$28*$AG67*$AJ67,Paramètres!$F$28),0)} -> 0 | S67: {=IF(AND(INDEX(Profils!$M$5:$M$34,$AE67)>0,INDEX(Profils!$AB$5:$AB$34,$AE67)<=$AH67),ROUND(INDEX(Profils!$M$5:$M$34,$AE67)*Paramètres!$E$29*$AG67*$AJ67,Paramètres!$F$29),0)} -> 0 | T67: {=IF(AND(INDEX(Profils!$N$5:$N$34,$AE67)>0,INDEX(Profils!$AC$5:$AC$34,$AE67)<=$AH67),ROUND(INDEX(Profils!$N$5:$N$34,$AE67)*Paramètres!$E$30*$AG67*$AJ67,Paramètres!$F$30),0)} -> 0 | U67: {=IF(AND(INDEX(Profils!$O$5:$O$34,$AE67)>0,INDEX(Profils!$AD$5:$AD$34,$AE67)<=$AH67),ROUND(INDEX(Profils!$O$5:$O$34,$AE67)*Paramètres!$E$31*$AG67*$AJ67,Paramètres!$F$31),0)} -> 12 | V67: {=IF(AND(INDEX(Profils!$P$5:$P$34,$AE67)>0,INDEX(Profils!$AE$5:$AE$34,$AE67)<=$AH67),ROUND(INDEX(Profils!$P$5:$P$34,$AE67)*Paramètres!$E$32*$AG67*$AJ67,Paramètres!$F$32),0)} -> 0 | W67: {=IF(AND(INDEX(Profils!$Q$5:$Q$34,$AE67)>0,INDEX(Profils!$AF$5:$AF$34,$AE67)<=$AH67),ROUND(INDEX(Profils!$Q$5:$Q$34,$AE67)*Paramètres!$E$33*$AG67*$AJ67,Paramètres!$F$33),0)} -> 0.003 | X67: {=IF(AND(INDEX(Profils!$R$5:$R$34,$AE67)>0,INDEX(Profils!$AG$5:$AG$34,$AE67)<=$AH67),ROUND(INDEX(Profils!$R$5:$R$34,$AE67)*Paramètres!$E$34*$AG67*$AJ67,Paramètres!$F$34),0)} -> 0 | Y67: {=IF(AND(INDEX(Profils!$S$5:$S$34,$AE67)>0,INDEX(Profils!$AH$5:$AH$34,$AE67)<=$AH67),ROUND(INDEX(Profils!$S$5:$S$34,$AE67)*Paramètres!$E$35*$AG67*$AJ67,Paramètres!$F$35),0)} -> 0.002 | Z67: =ROUND(L67/Paramètres!$E$22+M67/Paramètres!$E$23+N67/Paramètres!$E$24+O67/Paramètres!$E$25+P67/Paramètres!$E$26+Q67/Paramètres!$E$27+R67/Paramètres!$E$28+S67/Paramètres!$E$29+T67/Paramètres!$E$30+U67/Paramètres!$E$31+V67/Paramètres!$E$32+W67/Paramètres!$E$33+X67/Paramètres!$E$34+Y67/Paramètres!$E$35,1) -> 2.4 | AA67: {=INDEX(Uniques!$G$5:$G$34,MATCH($B67&"|"&$C67,Uniques!$A$5:$A$34,0))} -> Peau de granit | AB67: {=INDEX(Uniques!$H$5:$H$34,MATCH($B67&"|"&$C67,Uniques!$A$5:$A$34,0))&" ["&INDEX(Uniques!$I$5:$I$34,MATCH($B67&"|"&$C67,Uniques!$A$5:$A$34,0))&"]"} -> Réduit de 12 % les dégâts physiques reçus ; après 3 attaques subies, le porteur gagne +20 % d'Armure pendant 2 tours. [Bonus d'Armure non cumulable ; se redéclenche après 3 nouvelles attaques subies.] | AC67: {=INDEX(Matériaux!$B$5:$F$12,MATCH(INDEX(Profils!$E$5:$E$34,$AE67),Matériaux!$A$5:$A$12,0),MATCH(MIN($J67+1,100),Matériaux!$B$16:$B$20,1))} -> cuir | AD67: {=IF($I67>=$AI67,"Max",ROUND(Paramètres!$B$40*($I67+1)^Paramètres!$B$41*INDEX(Paramètres!$H$6:$H$12,$AF67),0))} -> 9 | AE67: =MATCH($B67&"|"&$C67,Profils!$A$5:$A$34,0) -> 2 | AF67: 7 | AG67: {=INDEX(Paramètres!$C$6:$C$12,$AF67)} -> 2.5 | AH67: {=INDEX(Paramètres!$D$6:$D$12,$AF67)} -> 7 | AI67: {=INDEX(Uniques!$M$5:$M$34,MATCH($B67&"|"&$C67,Uniques!$A$5:$A$34,0))} -> 89 | AJ67: =Paramètres!$B$16+(1-Paramètres!$B$16)*(($J67-Paramètres!$B$14)/(Paramètres!$B$15-Paramètres!$B$14))^Paramètres!$B$17 -> 0.11066824
A68: GUE-PAN-P1-COM | B68: Guerrier | C68: Pantalon | D68: 1 | E68: {=INDEX(Matériaux!$B$5:$F$12,MATCH(INDEX(Profils!$E$5:$E$34,$AE68),Matériaux!$A$5:$A$12,0),$D68)} -> cuir | F68: Commun | G68: {=INDEX(Profils!$D$5:$D$34,$AE68)&" en "&$E68} -> Jambières en cuir | H68: {=INDEX(Matériaux!$B$16:$B$20,$D68)} -> 1 | I68: =IF(ISNUMBER($C$3),MIN(MAX(0,ROUND($C$3,0)),$AI68),$AI68) -> 0 | J68: =$H68+$I68 -> 1 | K68: — | L68: {=IF(AND(INDEX(Profils!$F$5:$F$34,$AE68)>0,INDEX(Profils!$U$5:$U$34,$AE68)<=$AH68),ROUND(INDEX(Profils!$F$5:$F$34,$AE68)*Paramètres!$E$22*$AG68*$AJ68,Paramètres!$F$22),0)} -> 3 | M68: {=IF(AND(INDEX(Profils!$G$5:$G$34,$AE68)>0,INDEX(Profils!$V$5:$V$34,$AE68)<=$AH68),ROUND(INDEX(Profils!$G$5:$G$34,$AE68)*Paramètres!$E$23*$AG68*$AJ68,Paramètres!$F$23),0)} -> 0 | N68: {=IF(AND(INDEX(Profils!$H$5:$H$34,$AE68)>0,INDEX(Profils!$W$5:$W$34,$AE68)<=$AH68),ROUND(INDEX(Profils!$H$5:$H$34,$AE68)*Paramètres!$E$24*$AG68*$AJ68,Paramètres!$F$24),0)} -> 0 | O68: {=IF(AND(INDEX(Profils!$I$5:$I$34,$AE68)>0,INDEX(Profils!$X$5:$X$34,$AE68)<=$AH68),ROUND(INDEX(Profils!$I$5:$I$34,$AE68)*Paramètres!$E$25*$AG68*$AJ68,Paramètres!$F$25),0)} -> 0 | P68: {=IF(AND(INDEX(Profils!$J$5:$J$34,$AE68)>0,INDEX(Profils!$Y$5:$Y$34,$AE68)<=$AH68),ROUND(INDEX(Profils!$J$5:$J$34,$AE68)*Paramètres!$E$26*$AG68*$AJ68,Paramètres!$F$26),0)} -> 0 | Q68: {=IF(AND(INDEX(Profils!$K$5:$K$34,$AE68)>0,INDEX(Profils!$Z$5:$Z$34,$AE68)<=$AH68),ROUND(INDEX(Profils!$K$5:$K$34,$AE68)*Paramètres!$E$27*$AG68*$AJ68,Paramètres!$F$27),0)} -> 0 | R68: {=IF(AND(INDEX(Profils!$L$5:$L$34,$AE68)>0,INDEX(Profils!$AA$5:$AA$34,$AE68)<=$AH68),ROUND(INDEX(Profils!$L$5:$L$34,$AE68)*Paramètres!$E$28*$AG68*$AJ68,Paramètres!$F$28),0)} -> 0 | S68: {=IF(AND(INDEX(Profils!$M$5:$M$34,$AE68)>0,INDEX(Profils!$AB$5:$AB$34,$AE68)<=$AH68),ROUND(INDEX(Profils!$M$5:$M$34,$AE68)*Paramètres!$E$29*$AG68*$AJ68,Paramètres!$F$29),0)} -> 0 | T68: {=IF(AND(INDEX(Profils!$N$5:$N$34,$AE68)>0,INDEX(Profils!$AC$5:$AC$34,$AE68)<=$AH68),ROUND(INDEX(Profils!$N$5:$N$34,$AE68)*Paramètres!$E$30*$AG68*$AJ68,Paramètres!$F$30),0)} -> 0 | U68: {=IF(AND(INDEX(Profils!$O$5:$O$34,$AE68)>0,INDEX(Profils!$AD$5:$AD$34,$AE68)<=$AH68),ROUND(INDEX(Profils!$O$5:$O$34,$AE68)*Paramètres!$E$31*$AG68*$AJ68,Paramètres!$F$31),0)} -> 2 | V68: {=IF(AND(INDEX(Profils!$P$5:$P$34,$AE68)>0,INDEX(Profils!$AE$5:$AE$34,$AE68)<=$AH68),ROUND(INDEX(Profils!$P$5:$P$34,$AE68)*Paramètres!$E$32*$AG68*$AJ68,Paramètres!$F$32),0)} -> 0 | W68: {=IF(AND(INDEX(Profils!$Q$5:$Q$34,$AE68)>0,INDEX(Profils!$AF$5:$AF$34,$AE68)<=$AH68),ROUND(INDEX(Profils!$Q$5:$Q$34,$AE68)*Paramètres!$E$33*$AG68*$AJ68,Paramètres!$F$33),0)} -> 0 | X68: {=IF(AND(INDEX(Profils!$R$5:$R$34,$AE68)>0,INDEX(Profils!$AG$5:$AG$34,$AE68)<=$AH68),ROUND(INDEX(Profils!$R$5:$R$34,$AE68)*Paramètres!$E$34*$AG68*$AJ68,Paramètres!$F$34),0)} -> 0 | Y68: {=IF(AND(INDEX(Profils!$S$5:$S$34,$AE68)>0,INDEX(Profils!$AH$5:$AH$34,$AE68)<=$AH68),ROUND(INDEX(Profils!$S$5:$S$34,$AE68)*Paramètres!$E$35*$AG68*$AJ68,Paramètres!$F$35),0)} -> 0 | Z68: =ROUND(L68/Paramètres!$E$22+M68/Paramètres!$E$23+N68/Paramètres!$E$24+O68/Paramètres!$E$25+P68/Paramètres!$E$26+Q68/Paramètres!$E$27+R68/Paramètres!$E$28+S68/Paramètres!$E$29+T68/Paramètres!$E$30+U68/Paramètres!$E$31+V68/Paramètres!$E$32+W68/Paramètres!$E$33+X68/Paramètres!$E$34+Y68/Paramètres!$E$35,1) -> 0.2 | AA68: — | AB68: — | AC68: =$E68 -> cuir | AD68: {=IF($I68>=$AI68,"Max",ROUND(Paramètres!$B$40*($I68+1)^Paramètres!$B$41*INDEX(Paramètres!$H$6:$H$12,$AF68),0))} -> 3 | AE68: =MATCH($B68&"|"&$C68,Profils!$A$5:$A$34,0) -> 3 | AF68: 1 | AG68: {=INDEX(Paramètres!$C$6:$C$12,$AF68)} -> 1 | AH68: {=INDEX(Paramètres!$D$6:$D$12,$AF68)} -> 2 | AI68: {=INDEX(Matériaux!$C$16:$C$20,$D68)} -> 19 | AJ68: =Paramètres!$B$16+(1-Paramètres!$B$16)*(($J68-Paramètres!$B$14)/(Paramètres!$B$15-Paramètres!$B$14))^Paramètres!$B$17 -> 0.05
A69: GUE-PAN-P1-RAR | B69: Guerrier | C69: Pantalon | D69: 1 | E69: {=INDEX(Matériaux!$B$5:$F$12,MATCH(INDEX(Profils!$E$5:$E$34,$AE69),Matériaux!$A$5:$A$12,0),$D69)} -> cuir | F69: Rare | G69: {=INDEX(Profils!$D$5:$D$34,$AE69)&" en "&$E69} -> Jambières en cuir | H69: {=INDEX(Matériaux!$B$16:$B$20,$D69)} -> 1 | I69: =IF(ISNUMBER($C$3),MIN(MAX(0,ROUND($C$3,0)),$AI69),$AI69) -> 0 | J69: =$H69+$I69 -> 1 | K69: — | L69: {=IF(AND(INDEX(Profils!$F$5:$F$34,$AE69)>0,INDEX(Profils!$U$5:$U$34,$AE69)<=$AH69),ROUND(INDEX(Profils!$F$5:$F$34,$AE69)*Paramètres!$E$22*$AG69*$AJ69,Paramètres!$F$22),0)} -> 3 | M69: {=IF(AND(INDEX(Profils!$G$5:$G$34,$AE69)>0,INDEX(Profils!$V$5:$V$34,$AE69)<=$AH69),ROUND(INDEX(Profils!$G$5:$G$34,$AE69)*Paramètres!$E$23*$AG69*$AJ69,Paramètres!$F$23),0)} -> 0 | N69: {=IF(AND(INDEX(Profils!$H$5:$H$34,$AE69)>0,INDEX(Profils!$W$5:$W$34,$AE69)<=$AH69),ROUND(INDEX(Profils!$H$5:$H$34,$AE69)*Paramètres!$E$24*$AG69*$AJ69,Paramètres!$F$24),0)} -> 1 | O69: {=IF(AND(INDEX(Profils!$I$5:$I$34,$AE69)>0,INDEX(Profils!$X$5:$X$34,$AE69)<=$AH69),ROUND(INDEX(Profils!$I$5:$I$34,$AE69)*Paramètres!$E$25*$AG69*$AJ69,Paramètres!$F$25),0)} -> 0 | P69: {=IF(AND(INDEX(Profils!$J$5:$J$34,$AE69)>0,INDEX(Profils!$Y$5:$Y$34,$AE69)<=$AH69),ROUND(INDEX(Profils!$J$5:$J$34,$AE69)*Paramètres!$E$26*$AG69*$AJ69,Paramètres!$F$26),0)} -> 0 | Q69: {=IF(AND(INDEX(Profils!$K$5:$K$34,$AE69)>0,INDEX(Profils!$Z$5:$Z$34,$AE69)<=$AH69),ROUND(INDEX(Profils!$K$5:$K$34,$AE69)*Paramètres!$E$27*$AG69*$AJ69,Paramètres!$F$27),0)} -> 0 | R69: {=IF(AND(INDEX(Profils!$L$5:$L$34,$AE69)>0,INDEX(Profils!$AA$5:$AA$34,$AE69)<=$AH69),ROUND(INDEX(Profils!$L$5:$L$34,$AE69)*Paramètres!$E$28*$AG69*$AJ69,Paramètres!$F$28),0)} -> 0 | S69: {=IF(AND(INDEX(Profils!$M$5:$M$34,$AE69)>0,INDEX(Profils!$AB$5:$AB$34,$AE69)<=$AH69),ROUND(INDEX(Profils!$M$5:$M$34,$AE69)*Paramètres!$E$29*$AG69*$AJ69,Paramètres!$F$29),0)} -> 0 | T69: {=IF(AND(INDEX(Profils!$N$5:$N$34,$AE69)>0,INDEX(Profils!$AC$5:$AC$34,$AE69)<=$AH69),ROUND(INDEX(Profils!$N$5:$N$34,$AE69)*Paramètres!$E$30*$AG69*$AJ69,Paramètres!$F$30),0)} -> 0 | U69: {=IF(AND(INDEX(Profils!$O$5:$O$34,$AE69)>0,INDEX(Profils!$AD$5:$AD$34,$AE69)<=$AH69),ROUND(INDEX(Profils!$O$5:$O$34,$AE69)*Paramètres!$E$31*$AG69*$AJ69,Paramètres!$F$31),0)} -> 2 | V69: {=IF(AND(INDEX(Profils!$P$5:$P$34,$AE69)>0,INDEX(Profils!$AE$5:$AE$34,$AE69)<=$AH69),ROUND(INDEX(Profils!$P$5:$P$34,$AE69)*Paramètres!$E$32*$AG69*$AJ69,Paramètres!$F$32),0)} -> 0 | W69: {=IF(AND(INDEX(Profils!$Q$5:$Q$34,$AE69)>0,INDEX(Profils!$AF$5:$AF$34,$AE69)<=$AH69),ROUND(INDEX(Profils!$Q$5:$Q$34,$AE69)*Paramètres!$E$33*$AG69*$AJ69,Paramètres!$F$33),0)} -> 0 | X69: {=IF(AND(INDEX(Profils!$R$5:$R$34,$AE69)>0,INDEX(Profils!$AG$5:$AG$34,$AE69)<=$AH69),ROUND(INDEX(Profils!$R$5:$R$34,$AE69)*Paramètres!$E$34*$AG69*$AJ69,Paramètres!$F$34),0)} -> 0 | Y69: {=IF(AND(INDEX(Profils!$S$5:$S$34,$AE69)>0,INDEX(Profils!$AH$5:$AH$34,$AE69)<=$AH69),ROUND(INDEX(Profils!$S$5:$S$34,$AE69)*Paramètres!$E$35*$AG69*$AJ69,Paramètres!$F$35),0)} -> 0 | Z69: =ROUND(L69/Paramètres!$E$22+M69/Paramètres!$E$23+N69/Paramètres!$E$24+O69/Paramètres!$E$25+P69/Paramètres!$E$26+Q69/Paramètres!$E$27+R69/Paramètres!$E$28+S69/Paramètres!$E$29+T69/Paramètres!$E$30+U69/Paramètres!$E$31+V69/Paramètres!$E$32+W69/Paramètres!$E$33+X69/Paramètres!$E$34+Y69/Paramètres!$E$35,1) -> 0.3 | AA69: — | AB69: — | AC69: =$E69 -> cuir | AD69: {=IF($I69>=$AI69,"Max",ROUND(Paramètres!$B$40*($I69+1)^Paramètres!$B$41*INDEX(Paramètres!$H$6:$H$12,$AF69),0))} -> 4 | AE69: =MATCH($B69&"|"&$C69,Profils!$A$5:$A$34,0) -> 3 | AF69: 2 | AG69: {=INDEX(Paramètres!$C$6:$C$12,$AF69)} -> 1.2 | AH69: {=INDEX(Paramètres!$D$6:$D$12,$AF69)} -> 3 | AI69: {=INDEX(Matériaux!$C$16:$C$20,$D69)} -> 19 | AJ69: =Paramètres!$B$16+(1-Paramètres!$B$16)*(($J69-Paramètres!$B$14)/(Paramètres!$B$15-Paramètres!$B$14))^Paramètres!$B$17 -> 0.05
A70: GUE-PAN-P1-SRA | B70: Guerrier | C70: Pantalon | D70: 1 | E70: {=INDEX(Matériaux!$B$5:$F$12,MATCH(INDEX(Profils!$E$5:$E$34,$AE70),Matériaux!$A$5:$A$12,0),$D70)} -> cuir | F70: Super rare | G70: {=INDEX(Profils!$D$5:$D$34,$AE70)&" en "&$E70} -> Jambières en cuir | H70: {=INDEX(Matériaux!$B$16:$B$20,$D70)} -> 1 | I70: =IF(ISNUMBER($C$3),MIN(MAX(0,ROUND($C$3,0)),$AI70),$AI70) -> 0 | J70: =$H70+$I70 -> 1 | K70: — | L70: {=IF(AND(INDEX(Profils!$F$5:$F$34,$AE70)>0,INDEX(Profils!$U$5:$U$34,$AE70)<=$AH70),ROUND(INDEX(Profils!$F$5:$F$34,$AE70)*Paramètres!$E$22*$AG70*$AJ70,Paramètres!$F$22),0)} -> 4 | M70: {=IF(AND(INDEX(Profils!$G$5:$G$34,$AE70)>0,INDEX(Profils!$V$5:$V$34,$AE70)<=$AH70),ROUND(INDEX(Profils!$G$5:$G$34,$AE70)*Paramètres!$E$23*$AG70*$AJ70,Paramètres!$F$23),0)} -> 1 | N70: {=IF(AND(INDEX(Profils!$H$5:$H$34,$AE70)>0,INDEX(Profils!$W$5:$W$34,$AE70)<=$AH70),ROUND(INDEX(Profils!$H$5:$H$34,$AE70)*Paramètres!$E$24*$AG70*$AJ70,Paramètres!$F$24),0)} -> 2 | O70: {=IF(AND(INDEX(Profils!$I$5:$I$34,$AE70)>0,INDEX(Profils!$X$5:$X$34,$AE70)<=$AH70),ROUND(INDEX(Profils!$I$5:$I$34,$AE70)*Paramètres!$E$25*$AG70*$AJ70,Paramètres!$F$25),0)} -> 0 | P70: {=IF(AND(INDEX(Profils!$J$5:$J$34,$AE70)>0,INDEX(Profils!$Y$5:$Y$34,$AE70)<=$AH70),ROUND(INDEX(Profils!$J$5:$J$34,$AE70)*Paramètres!$E$26*$AG70*$AJ70,Paramètres!$F$26),0)} -> 0 | Q70: {=IF(AND(INDEX(Profils!$K$5:$K$34,$AE70)>0,INDEX(Profils!$Z$5:$Z$34,$AE70)<=$AH70),ROUND(INDEX(Profils!$K$5:$K$34,$AE70)*Paramètres!$E$27*$AG70*$AJ70,Paramètres!$F$27),0)} -> 0 | R70: {=IF(AND(INDEX(Profils!$L$5:$L$34,$AE70)>0,INDEX(Profils!$AA$5:$AA$34,$AE70)<=$AH70),ROUND(INDEX(Profils!$L$5:$L$34,$AE70)*Paramètres!$E$28*$AG70*$AJ70,Paramètres!$F$28),0)} -> 0 | S70: {=IF(AND(INDEX(Profils!$M$5:$M$34,$AE70)>0,INDEX(Profils!$AB$5:$AB$34,$AE70)<=$AH70),ROUND(INDEX(Profils!$M$5:$M$34,$AE70)*Paramètres!$E$29*$AG70*$AJ70,Paramètres!$F$29),0)} -> 0 | T70: {=IF(AND(INDEX(Profils!$N$5:$N$34,$AE70)>0,INDEX(Profils!$AC$5:$AC$34,$AE70)<=$AH70),ROUND(INDEX(Profils!$N$5:$N$34,$AE70)*Paramètres!$E$30*$AG70*$AJ70,Paramètres!$F$30),0)} -> 0 | U70: {=IF(AND(INDEX(Profils!$O$5:$O$34,$AE70)>0,INDEX(Profils!$AD$5:$AD$34,$AE70)<=$AH70),ROUND(INDEX(Profils!$O$5:$O$34,$AE70)*Paramètres!$E$31*$AG70*$AJ70,Paramètres!$F$31),0)} -> 2 | V70: {=IF(AND(INDEX(Profils!$P$5:$P$34,$AE70)>0,INDEX(Profils!$AE$5:$AE$34,$AE70)<=$AH70),ROUND(INDEX(Profils!$P$5:$P$34,$AE70)*Paramètres!$E$32*$AG70*$AJ70,Paramètres!$F$32),0)} -> 0 | W70: {=IF(AND(INDEX(Profils!$Q$5:$Q$34,$AE70)>0,INDEX(Profils!$AF$5:$AF$34,$AE70)<=$AH70),ROUND(INDEX(Profils!$Q$5:$Q$34,$AE70)*Paramètres!$E$33*$AG70*$AJ70,Paramètres!$F$33),0)} -> 0 | X70: {=IF(AND(INDEX(Profils!$R$5:$R$34,$AE70)>0,INDEX(Profils!$AG$5:$AG$34,$AE70)<=$AH70),ROUND(INDEX(Profils!$R$5:$R$34,$AE70)*Paramètres!$E$34*$AG70*$AJ70,Paramètres!$F$34),0)} -> 0 | Y70: {=IF(AND(INDEX(Profils!$S$5:$S$34,$AE70)>0,INDEX(Profils!$AH$5:$AH$34,$AE70)<=$AH70),ROUND(INDEX(Profils!$S$5:$S$34,$AE70)*Paramètres!$E$35*$AG70*$AJ70,Paramètres!$F$35),0)} -> 0 | Z70: =ROUND(L70/Paramètres!$E$22+M70/Paramètres!$E$23+N70/Paramètres!$E$24+O70/Paramètres!$E$25+P70/Paramètres!$E$26+Q70/Paramètres!$E$27+R70/Paramètres!$E$28+S70/Paramètres!$E$29+T70/Paramètres!$E$30+U70/Paramètres!$E$31+V70/Paramètres!$E$32+W70/Paramètres!$E$33+X70/Paramètres!$E$34+Y70/Paramètres!$E$35,1) -> 0.5 | AA70: — | AB70: — | AC70: =$E70 -> cuir | AD70: {=IF($I70>=$AI70,"Max",ROUND(Paramètres!$B$40*($I70+1)^Paramètres!$B$41*INDEX(Paramètres!$H$6:$H$12,$AF70),0))} -> 4 | AE70: =MATCH($B70&"|"&$C70,Profils!$A$5:$A$34,0) -> 3 | AF70: 3 | AG70: {=INDEX(Paramètres!$C$6:$C$12,$AF70)} -> 1.45 | AH70: {=INDEX(Paramètres!$D$6:$D$12,$AF70)} -> 4 | AI70: {=INDEX(Matériaux!$C$16:$C$20,$D70)} -> 19 | AJ70: =Paramètres!$B$16+(1-Paramètres!$B$16)*(($J70-Paramètres!$B$14)/(Paramètres!$B$15-Paramètres!$B$14))^Paramètres!$B$17 -> 0.05
A71: GUE-PAN-P1-EPI | B71: Guerrier | C71: Pantalon | D71: 1 | E71: {=INDEX(Matériaux!$B$5:$F$12,MATCH(INDEX(Profils!$E$5:$E$34,$AE71),Matériaux!$A$5:$A$12,0),$D71)} -> cuir | F71: Épique | G71: {=INDEX(Profils!$D$5:$D$34,$AE71)&" en "&$E71} -> Jambières en cuir | H71: {=INDEX(Matériaux!$B$16:$B$20,$D71)} -> 1 | I71: =IF(ISNUMBER($C$3),MIN(MAX(0,ROUND($C$3,0)),$AI71),$AI71) -> 0 | J71: =$H71+$I71 -> 1 | K71: — | L71: {=IF(AND(INDEX(Profils!$F$5:$F$34,$AE71)>0,INDEX(Profils!$U$5:$U$34,$AE71)<=$AH71),ROUND(INDEX(Profils!$F$5:$F$34,$AE71)*Paramètres!$E$22*$AG71*$AJ71,Paramètres!$F$22),0)} -> 4 | M71: {=IF(AND(INDEX(Profils!$G$5:$G$34,$AE71)>0,INDEX(Profils!$V$5:$V$34,$AE71)<=$AH71),ROUND(INDEX(Profils!$G$5:$G$34,$AE71)*Paramètres!$E$23*$AG71*$AJ71,Paramètres!$F$23),0)} -> 1 | N71: {=IF(AND(INDEX(Profils!$H$5:$H$34,$AE71)>0,INDEX(Profils!$W$5:$W$34,$AE71)<=$AH71),ROUND(INDEX(Profils!$H$5:$H$34,$AE71)*Paramètres!$E$24*$AG71*$AJ71,Paramètres!$F$24),0)} -> 2 | O71: {=IF(AND(INDEX(Profils!$I$5:$I$34,$AE71)>0,INDEX(Profils!$X$5:$X$34,$AE71)<=$AH71),ROUND(INDEX(Profils!$I$5:$I$34,$AE71)*Paramètres!$E$25*$AG71*$AJ71,Paramètres!$F$25),0)} -> 0 | P71: {=IF(AND(INDEX(Profils!$J$5:$J$34,$AE71)>0,INDEX(Profils!$Y$5:$Y$34,$AE71)<=$AH71),ROUND(INDEX(Profils!$J$5:$J$34,$AE71)*Paramètres!$E$26*$AG71*$AJ71,Paramètres!$F$26),0)} -> 1 | Q71: {=IF(AND(INDEX(Profils!$K$5:$K$34,$AE71)>0,INDEX(Profils!$Z$5:$Z$34,$AE71)<=$AH71),ROUND(INDEX(Profils!$K$5:$K$34,$AE71)*Paramètres!$E$27*$AG71*$AJ71,Paramètres!$F$27),0)} -> 0 | R71: {=IF(AND(INDEX(Profils!$L$5:$L$34,$AE71)>0,INDEX(Profils!$AA$5:$AA$34,$AE71)<=$AH71),ROUND(INDEX(Profils!$L$5:$L$34,$AE71)*Paramètres!$E$28*$AG71*$AJ71,Paramètres!$F$28),0)} -> 0 | S71: {=IF(AND(INDEX(Profils!$M$5:$M$34,$AE71)>0,INDEX(Profils!$AB$5:$AB$34,$AE71)<=$AH71),ROUND(INDEX(Profils!$M$5:$M$34,$AE71)*Paramètres!$E$29*$AG71*$AJ71,Paramètres!$F$29),0)} -> 0 | T71: {=IF(AND(INDEX(Profils!$N$5:$N$34,$AE71)>0,INDEX(Profils!$AC$5:$AC$34,$AE71)<=$AH71),ROUND(INDEX(Profils!$N$5:$N$34,$AE71)*Paramètres!$E$30*$AG71*$AJ71,Paramètres!$F$30),0)} -> 0 | U71: {=IF(AND(INDEX(Profils!$O$5:$O$34,$AE71)>0,INDEX(Profils!$AD$5:$AD$34,$AE71)<=$AH71),ROUND(INDEX(Profils!$O$5:$O$34,$AE71)*Paramètres!$E$31*$AG71*$AJ71,Paramètres!$F$31),0)} -> 3 | V71: {=IF(AND(INDEX(Profils!$P$5:$P$34,$AE71)>0,INDEX(Profils!$AE$5:$AE$34,$AE71)<=$AH71),ROUND(INDEX(Profils!$P$5:$P$34,$AE71)*Paramètres!$E$32*$AG71*$AJ71,Paramètres!$F$32),0)} -> 0 | W71: {=IF(AND(INDEX(Profils!$Q$5:$Q$34,$AE71)>0,INDEX(Profils!$AF$5:$AF$34,$AE71)<=$AH71),ROUND(INDEX(Profils!$Q$5:$Q$34,$AE71)*Paramètres!$E$33*$AG71*$AJ71,Paramètres!$F$33),0)} -> 0 | X71: {=IF(AND(INDEX(Profils!$R$5:$R$34,$AE71)>0,INDEX(Profils!$AG$5:$AG$34,$AE71)<=$AH71),ROUND(INDEX(Profils!$R$5:$R$34,$AE71)*Paramètres!$E$34*$AG71*$AJ71,Paramètres!$F$34),0)} -> 0 | Y71: {=IF(AND(INDEX(Profils!$S$5:$S$34,$AE71)>0,INDEX(Profils!$AH$5:$AH$34,$AE71)<=$AH71),ROUND(INDEX(Profils!$S$5:$S$34,$AE71)*Paramètres!$E$35*$AG71*$AJ71,Paramètres!$F$35),0)} -> 0 | Z71: =ROUND(L71/Paramètres!$E$22+M71/Paramètres!$E$23+N71/Paramètres!$E$24+O71/Paramètres!$E$25+P71/Paramètres!$E$26+Q71/Paramètres!$E$27+R71/Paramètres!$E$28+S71/Paramètres!$E$29+T71/Paramètres!$E$30+U71/Paramètres!$E$31+V71/Paramètres!$E$32+W71/Paramètres!$E$33+X71/Paramètres!$E$34+Y71/Paramètres!$E$35,1) -> 0.6 | AA71: — | AB71: — | AC71: =$E71 -> cuir | AD71: {=IF($I71>=$AI71,"Max",ROUND(Paramètres!$B$40*($I71+1)^Paramètres!$B$41*INDEX(Paramètres!$H$6:$H$12,$AF71),0))} -> 5 | AE71: =MATCH($B71&"|"&$C71,Profils!$A$5:$A$34,0) -> 3 | AF71: 4 | AG71: {=INDEX(Paramètres!$C$6:$C$12,$AF71)} -> 1.75 | AH71: {=INDEX(Paramètres!$D$6:$D$12,$AF71)} -> 5 | AI71: {=INDEX(Matériaux!$C$16:$C$20,$D71)} -> 19 | AJ71: =Paramètres!$B$16+(1-Paramètres!$B$16)*(($J71-Paramètres!$B$14)/(Paramètres!$B$15-Paramètres!$B$14))^Paramètres!$B$17 -> 0.05
A72: GUE-PAN-P1-MYT | B72: Guerrier | C72: Pantalon | D72: 1 | E72: {=INDEX(Matériaux!$B$5:$F$12,MATCH(INDEX(Profils!$E$5:$E$34,$AE72),Matériaux!$A$5:$A$12,0),$D72)} -> cuir | F72: Mythique | G72: {=INDEX(Profils!$D$5:$D$34,$AE72)&" en "&$E72} -> Jambières en cuir | H72: {=INDEX(Matériaux!$B$16:$B$20,$D72)} -> 1 | I72: =IF(ISNUMBER($C$3),MIN(MAX(0,ROUND($C$3,0)),$AI72),$AI72) -> 0 | J72: =$H72+$I72 -> 1 | K72: — | L72: {=IF(AND(INDEX(Profils!$F$5:$F$34,$AE72)>0,INDEX(Profils!$U$5:$U$34,$AE72)<=$AH72),ROUND(INDEX(Profils!$F$5:$F$34,$AE72)*Paramètres!$E$22*$AG72*$AJ72,Paramètres!$F$22),0)} -> 5 | M72: {=IF(AND(INDEX(Profils!$G$5:$G$34,$AE72)>0,INDEX(Profils!$V$5:$V$34,$AE72)<=$AH72),ROUND(INDEX(Profils!$G$5:$G$34,$AE72)*Paramètres!$E$23*$AG72*$AJ72,Paramètres!$F$23),0)} -> 1 | N72: {=IF(AND(INDEX(Profils!$H$5:$H$34,$AE72)>0,INDEX(Profils!$W$5:$W$34,$AE72)<=$AH72),ROUND(INDEX(Profils!$H$5:$H$34,$AE72)*Paramètres!$E$24*$AG72*$AJ72,Paramètres!$F$24),0)} -> 2 | O72: {=IF(AND(INDEX(Profils!$I$5:$I$34,$AE72)>0,INDEX(Profils!$X$5:$X$34,$AE72)<=$AH72),ROUND(INDEX(Profils!$I$5:$I$34,$AE72)*Paramètres!$E$25*$AG72*$AJ72,Paramètres!$F$25),0)} -> 0 | P72: {=IF(AND(INDEX(Profils!$J$5:$J$34,$AE72)>0,INDEX(Profils!$Y$5:$Y$34,$AE72)<=$AH72),ROUND(INDEX(Profils!$J$5:$J$34,$AE72)*Paramètres!$E$26*$AG72*$AJ72,Paramètres!$F$26),0)} -> 1 | Q72: {=IF(AND(INDEX(Profils!$K$5:$K$34,$AE72)>0,INDEX(Profils!$Z$5:$Z$34,$AE72)<=$AH72),ROUND(INDEX(Profils!$K$5:$K$34,$AE72)*Paramètres!$E$27*$AG72*$AJ72,Paramètres!$F$27),0)} -> 0 | R72: {=IF(AND(INDEX(Profils!$L$5:$L$34,$AE72)>0,INDEX(Profils!$AA$5:$AA$34,$AE72)<=$AH72),ROUND(INDEX(Profils!$L$5:$L$34,$AE72)*Paramètres!$E$28*$AG72*$AJ72,Paramètres!$F$28),0)} -> 0 | S72: {=IF(AND(INDEX(Profils!$M$5:$M$34,$AE72)>0,INDEX(Profils!$AB$5:$AB$34,$AE72)<=$AH72),ROUND(INDEX(Profils!$M$5:$M$34,$AE72)*Paramètres!$E$29*$AG72*$AJ72,Paramètres!$F$29),0)} -> 0 | T72: {=IF(AND(INDEX(Profils!$N$5:$N$34,$AE72)>0,INDEX(Profils!$AC$5:$AC$34,$AE72)<=$AH72),ROUND(INDEX(Profils!$N$5:$N$34,$AE72)*Paramètres!$E$30*$AG72*$AJ72,Paramètres!$F$30),0)} -> 0 | U72: {=IF(AND(INDEX(Profils!$O$5:$O$34,$AE72)>0,INDEX(Profils!$AD$5:$AD$34,$AE72)<=$AH72),ROUND(INDEX(Profils!$O$5:$O$34,$AE72)*Paramètres!$E$31*$AG72*$AJ72,Paramètres!$F$31),0)} -> 3 | V72: {=IF(AND(INDEX(Profils!$P$5:$P$34,$AE72)>0,INDEX(Profils!$AE$5:$AE$34,$AE72)<=$AH72),ROUND(INDEX(Profils!$P$5:$P$34,$AE72)*Paramètres!$E$32*$AG72*$AJ72,Paramètres!$F$32),0)} -> 0 | W72: {=IF(AND(INDEX(Profils!$Q$5:$Q$34,$AE72)>0,INDEX(Profils!$AF$5:$AF$34,$AE72)<=$AH72),ROUND(INDEX(Profils!$Q$5:$Q$34,$AE72)*Paramètres!$E$33*$AG72*$AJ72,Paramètres!$F$33),0)} -> 0.001 | X72: {=IF(AND(INDEX(Profils!$R$5:$R$34,$AE72)>0,INDEX(Profils!$AG$5:$AG$34,$AE72)<=$AH72),ROUND(INDEX(Profils!$R$5:$R$34,$AE72)*Paramètres!$E$34*$AG72*$AJ72,Paramètres!$F$34),0)} -> 0 | Y72: {=IF(AND(INDEX(Profils!$S$5:$S$34,$AE72)>0,INDEX(Profils!$AH$5:$AH$34,$AE72)<=$AH72),ROUND(INDEX(Profils!$S$5:$S$34,$AE72)*Paramètres!$E$35*$AG72*$AJ72,Paramètres!$F$35),0)} -> 0 | Z72: =ROUND(L72/Paramètres!$E$22+M72/Paramètres!$E$23+N72/Paramètres!$E$24+O72/Paramètres!$E$25+P72/Paramètres!$E$26+Q72/Paramètres!$E$27+R72/Paramètres!$E$28+S72/Paramètres!$E$29+T72/Paramètres!$E$30+U72/Paramètres!$E$31+V72/Paramètres!$E$32+W72/Paramètres!$E$33+X72/Paramètres!$E$34+Y72/Paramètres!$E$35,1) -> 0.7 | AA72: — | AB72: — | AC72: =$E72 -> cuir | AD72: {=IF($I72>=$AI72,"Max",ROUND(Paramètres!$B$40*($I72+1)^Paramètres!$B$41*INDEX(Paramètres!$H$6:$H$12,$AF72),0))} -> 6 | AE72: =MATCH($B72&"|"&$C72,Profils!$A$5:$A$34,0) -> 3 | AF72: 5 | AG72: {=INDEX(Paramètres!$C$6:$C$12,$AF72)} -> 2.1 | AH72: {=INDEX(Paramètres!$D$6:$D$12,$AF72)} -> 6 | AI72: {=INDEX(Matériaux!$C$16:$C$20,$D72)} -> 19 | AJ72: =Paramètres!$B$16+(1-Paramètres!$B$16)*(($J72-Paramètres!$B$14)/(Paramètres!$B$15-Paramètres!$B$14))^Paramètres!$B$17 -> 0.05
A73: GUE-PAN-P1-LEG | B73: Guerrier | C73: Pantalon | D73: 1 | E73: {=INDEX(Matériaux!$B$5:$F$12,MATCH(INDEX(Profils!$E$5:$E$34,$AE73),Matériaux!$A$5:$A$12,0),$D73)} -> cuir | F73: Légendaire | G73: {=INDEX(Profils!$D$5:$D$34,$AE73)&" en "&$E73} -> Jambières en cuir | H73: {=INDEX(Matériaux!$B$16:$B$20,$D73)} -> 1 | I73: =IF(ISNUMBER($C$3),MIN(MAX(0,ROUND($C$3,0)),$AI73),$AI73) -> 0 | J73: =$H73+$I73 -> 1 | K73: — | L73: {=IF(AND(INDEX(Profils!$F$5:$F$34,$AE73)>0,INDEX(Profils!$U$5:$U$34,$AE73)<=$AH73),ROUND(INDEX(Profils!$F$5:$F$34,$AE73)*Paramètres!$E$22*$AG73*$AJ73,Paramètres!$F$22),0)} -> 6 | M73: {=IF(AND(INDEX(Profils!$G$5:$G$34,$AE73)>0,INDEX(Profils!$V$5:$V$34,$AE73)<=$AH73),ROUND(INDEX(Profils!$G$5:$G$34,$AE73)*Paramètres!$E$23*$AG73*$AJ73,Paramètres!$F$23),0)} -> 1 | N73: {=IF(AND(INDEX(Profils!$H$5:$H$34,$AE73)>0,INDEX(Profils!$W$5:$W$34,$AE73)<=$AH73),ROUND(INDEX(Profils!$H$5:$H$34,$AE73)*Paramètres!$E$24*$AG73*$AJ73,Paramètres!$F$24),0)} -> 3 | O73: {=IF(AND(INDEX(Profils!$I$5:$I$34,$AE73)>0,INDEX(Profils!$X$5:$X$34,$AE73)<=$AH73),ROUND(INDEX(Profils!$I$5:$I$34,$AE73)*Paramètres!$E$25*$AG73*$AJ73,Paramètres!$F$25),0)} -> 0 | P73: {=IF(AND(INDEX(Profils!$J$5:$J$34,$AE73)>0,INDEX(Profils!$Y$5:$Y$34,$AE73)<=$AH73),ROUND(INDEX(Profils!$J$5:$J$34,$AE73)*Paramètres!$E$26*$AG73*$AJ73,Paramètres!$F$26),0)} -> 1 | Q73: {=IF(AND(INDEX(Profils!$K$5:$K$34,$AE73)>0,INDEX(Profils!$Z$5:$Z$34,$AE73)<=$AH73),ROUND(INDEX(Profils!$K$5:$K$34,$AE73)*Paramètres!$E$27*$AG73*$AJ73,Paramètres!$F$27),0)} -> 0 | R73: {=IF(AND(INDEX(Profils!$L$5:$L$34,$AE73)>0,INDEX(Profils!$AA$5:$AA$34,$AE73)<=$AH73),ROUND(INDEX(Profils!$L$5:$L$34,$AE73)*Paramètres!$E$28*$AG73*$AJ73,Paramètres!$F$28),0)} -> 0 | S73: {=IF(AND(INDEX(Profils!$M$5:$M$34,$AE73)>0,INDEX(Profils!$AB$5:$AB$34,$AE73)<=$AH73),ROUND(INDEX(Profils!$M$5:$M$34,$AE73)*Paramètres!$E$29*$AG73*$AJ73,Paramètres!$F$29),0)} -> 0 | T73: {=IF(AND(INDEX(Profils!$N$5:$N$34,$AE73)>0,INDEX(Profils!$AC$5:$AC$34,$AE73)<=$AH73),ROUND(INDEX(Profils!$N$5:$N$34,$AE73)*Paramètres!$E$30*$AG73*$AJ73,Paramètres!$F$30),0)} -> 0 | U73: {=IF(AND(INDEX(Profils!$O$5:$O$34,$AE73)>0,INDEX(Profils!$AD$5:$AD$34,$AE73)<=$AH73),ROUND(INDEX(Profils!$O$5:$O$34,$AE73)*Paramètres!$E$31*$AG73*$AJ73,Paramètres!$F$31),0)} -> 4 | V73: {=IF(AND(INDEX(Profils!$P$5:$P$34,$AE73)>0,INDEX(Profils!$AE$5:$AE$34,$AE73)<=$AH73),ROUND(INDEX(Profils!$P$5:$P$34,$AE73)*Paramètres!$E$32*$AG73*$AJ73,Paramètres!$F$32),0)} -> 0 | W73: {=IF(AND(INDEX(Profils!$Q$5:$Q$34,$AE73)>0,INDEX(Profils!$AF$5:$AF$34,$AE73)<=$AH73),ROUND(INDEX(Profils!$Q$5:$Q$34,$AE73)*Paramètres!$E$33*$AG73*$AJ73,Paramètres!$F$33),0)} -> 0.001 | X73: {=IF(AND(INDEX(Profils!$R$5:$R$34,$AE73)>0,INDEX(Profils!$AG$5:$AG$34,$AE73)<=$AH73),ROUND(INDEX(Profils!$R$5:$R$34,$AE73)*Paramètres!$E$34*$AG73*$AJ73,Paramètres!$F$34),0)} -> 0 | Y73: {=IF(AND(INDEX(Profils!$S$5:$S$34,$AE73)>0,INDEX(Profils!$AH$5:$AH$34,$AE73)<=$AH73),ROUND(INDEX(Profils!$S$5:$S$34,$AE73)*Paramètres!$E$35*$AG73*$AJ73,Paramètres!$F$35),0)} -> 0.001 | Z73: =ROUND(L73/Paramètres!$E$22+M73/Paramètres!$E$23+N73/Paramètres!$E$24+O73/Paramètres!$E$25+P73/Paramètres!$E$26+Q73/Paramètres!$E$27+R73/Paramètres!$E$28+S73/Paramètres!$E$29+T73/Paramètres!$E$30+U73/Paramètres!$E$31+V73/Paramètres!$E$32+W73/Paramètres!$E$33+X73/Paramètres!$E$34+Y73/Paramètres!$E$35,1) -> 0.9 | AA73: — | AB73: — | AC73: =$E73 -> cuir | AD73: {=IF($I73>=$AI73,"Max",ROUND(Paramètres!$B$40*($I73+1)^Paramètres!$B$41*INDEX(Paramètres!$H$6:$H$12,$AF73),0))} -> 8 | AE73: =MATCH($B73&"|"&$C73,Profils!$A$5:$A$34,0) -> 3 | AF73: 6 | AG73: {=INDEX(Paramètres!$C$6:$C$12,$AF73)} -> 2.4 | AH73: {=INDEX(Paramètres!$D$6:$D$12,$AF73)} -> 7 | AI73: {=INDEX(Matériaux!$C$16:$C$20,$D73)} -> 19 | AJ73: =Paramètres!$B$16+(1-Paramètres!$B$16)*(($J73-Paramètres!$B$14)/(Paramètres!$B$15-Paramètres!$B$14))^Paramètres!$B$17 -> 0.05
A74: GUE-PAN-P2-COM | B74: Guerrier | C74: Pantalon | D74: 2 | E74: {=INDEX(Matériaux!$B$5:$F$12,MATCH(INDEX(Profils!$E$5:$E$34,$AE74),Matériaux!$A$5:$A$12,0),$D74)} -> fer | F74: Commun | G74: {=INDEX(Profils!$D$5:$D$34,$AE74)&" en "&$E74} -> Jambières en fer | H74: {=INDEX(Matériaux!$B$16:$B$20,$D74)} -> 15 | I74: =IF(ISNUMBER($C$3),MIN(MAX(0,ROUND($C$3,0)),$AI74),$AI74) -> 0 | J74: =$H74+$I74 -> 15 | K74: — | L74: {=IF(AND(INDEX(Profils!$F$5:$F$34,$AE74)>0,INDEX(Profils!$U$5:$U$34,$AE74)<=$AH74),ROUND(INDEX(Profils!$F$5:$F$34,$AE74)*Paramètres!$E$22*$AG74*$AJ74,Paramètres!$F$22),0)} -> 7 | M74: {=IF(AND(INDEX(Profils!$G$5:$G$34,$AE74)>0,INDEX(Profils!$V$5:$V$34,$AE74)<=$AH74),ROUND(INDEX(Profils!$G$5:$G$34,$AE74)*Paramètres!$E$23*$AG74*$AJ74,Paramètres!$F$23),0)} -> 0 | N74: {=IF(AND(INDEX(Profils!$H$5:$H$34,$AE74)>0,INDEX(Profils!$W$5:$W$34,$AE74)<=$AH74),ROUND(INDEX(Profils!$H$5:$H$34,$AE74)*Paramètres!$E$24*$AG74*$AJ74,Paramètres!$F$24),0)} -> 0 | O74: {=IF(AND(INDEX(Profils!$I$5:$I$34,$AE74)>0,INDEX(Profils!$X$5:$X$34,$AE74)<=$AH74),ROUND(INDEX(Profils!$I$5:$I$34,$AE74)*Paramètres!$E$25*$AG74*$AJ74,Paramètres!$F$25),0)} -> 0 | P74: {=IF(AND(INDEX(Profils!$J$5:$J$34,$AE74)>0,INDEX(Profils!$Y$5:$Y$34,$AE74)<=$AH74),ROUND(INDEX(Profils!$J$5:$J$34,$AE74)*Paramètres!$E$26*$AG74*$AJ74,Paramètres!$F$26),0)} -> 0 | Q74: {=IF(AND(INDEX(Profils!$K$5:$K$34,$AE74)>0,INDEX(Profils!$Z$5:$Z$34,$AE74)<=$AH74),ROUND(INDEX(Profils!$K$5:$K$34,$AE74)*Paramètres!$E$27*$AG74*$AJ74,Paramètres!$F$27),0)} -> 0 | R74: {=IF(AND(INDEX(Profils!$L$5:$L$34,$AE74)>0,INDEX(Profils!$AA$5:$AA$34,$AE74)<=$AH74),ROUND(INDEX(Profils!$L$5:$L$34,$AE74)*Paramètres!$E$28*$AG74*$AJ74,Paramètres!$F$28),0)} -> 0 | S74: {=IF(AND(INDEX(Profils!$M$5:$M$34,$AE74)>0,INDEX(Profils!$AB$5:$AB$34,$AE74)<=$AH74),ROUND(INDEX(Profils!$M$5:$M$34,$AE74)*Paramètres!$E$29*$AG74*$AJ74,Paramètres!$F$29),0)} -> 0 | T74: {=IF(AND(INDEX(Profils!$N$5:$N$34,$AE74)>0,INDEX(Profils!$AC$5:$AC$34,$AE74)<=$AH74),ROUND(INDEX(Profils!$N$5:$N$34,$AE74)*Paramètres!$E$30*$AG74*$AJ74,Paramètres!$F$30),0)} -> 0 | U74: {=IF(AND(INDEX(Profils!$O$5:$O$34,$AE74)>0,INDEX(Profils!$AD$5:$AD$34,$AE74)<=$AH74),ROUND(INDEX(Profils!$O$5:$O$34,$AE74)*Paramètres!$E$31*$AG74*$AJ74,Paramètres!$F$31),0)} -> 5 | V74: {=IF(AND(INDEX(Profils!$P$5:$P$34,$AE74)>0,INDEX(Profils!$AE$5:$AE$34,$AE74)<=$AH74),ROUND(INDEX(Profils!$P$5:$P$34,$AE74)*Paramètres!$E$32*$AG74*$AJ74,Paramètres!$F$32),0)} -> 0 | W74: {=IF(AND(INDEX(Profils!$Q$5:$Q$34,$AE74)>0,INDEX(Profils!$AF$5:$AF$34,$AE74)<=$AH74),ROUND(INDEX(Profils!$Q$5:$Q$34,$AE74)*Paramètres!$E$33*$AG74*$AJ74,Paramètres!$F$33),0)} -> 0 | X74: {=IF(AND(INDEX(Profils!$R$5:$R$34,$AE74)>0,INDEX(Profils!$AG$5:$AG$34,$AE74)<=$AH74),ROUND(INDEX(Profils!$R$5:$R$34,$AE74)*Paramètres!$E$34*$AG74*$AJ74,Paramètres!$F$34),0)} -> 0 | Y74: {=IF(AND(INDEX(Profils!$S$5:$S$34,$AE74)>0,INDEX(Profils!$AH$5:$AH$34,$AE74)<=$AH74),ROUND(INDEX(Profils!$S$5:$S$34,$AE74)*Paramètres!$E$35*$AG74*$AJ74,Paramètres!$F$35),0)} -> 0 | Z74: =ROUND(L74/Paramètres!$E$22+M74/Paramètres!$E$23+N74/Paramètres!$E$24+O74/Paramètres!$E$25+P74/Paramètres!$E$26+Q74/Paramètres!$E$27+R74/Paramètres!$E$28+S74/Paramètres!$E$29+T74/Paramètres!$E$30+U74/Paramètres!$E$31+V74/Paramètres!$E$32+W74/Paramètres!$E$33+X74/Paramètres!$E$34+Y74/Paramètres!$E$35,1) -> 0.5 | AA74: — | AB74: — | AC74: =$E74 -> fer | AD74: {=IF($I74>=$AI74,"Max",ROUND(Paramètres!$B$40*($I74+1)^Paramètres!$B$41*INDEX(Paramètres!$H$6:$H$12,$AF74),0))} -> 3 | AE74: =MATCH($B74&"|"&$C74,Profils!$A$5:$A$34,0) -> 3 | AF74: 1 | AG74: {=INDEX(Paramètres!$C$6:$C$12,$AF74)} -> 1 | AH74: {=INDEX(Paramètres!$D$6:$D$12,$AF74)} -> 2 | AI74: {=INDEX(Matériaux!$C$16:$C$20,$D74)} -> 20 | AJ74: =Paramètres!$B$16+(1-Paramètres!$B$16)*(($J74-Paramètres!$B$14)/(Paramètres!$B$15-Paramètres!$B$14))^Paramètres!$B$17 -> 0.14084793
A75: GUE-PAN-P2-RAR | B75: Guerrier | C75: Pantalon | D75: 2 | E75: {=INDEX(Matériaux!$B$5:$F$12,MATCH(INDEX(Profils!$E$5:$E$34,$AE75),Matériaux!$A$5:$A$12,0),$D75)} -> fer | F75: Rare | G75: {=INDEX(Profils!$D$5:$D$34,$AE75)&" en "&$E75} -> Jambières en fer | H75: {=INDEX(Matériaux!$B$16:$B$20,$D75)} -> 15 | I75: =IF(ISNUMBER($C$3),MIN(MAX(0,ROUND($C$3,0)),$AI75),$AI75) -> 0 | J75: =$H75+$I75 -> 15 | K75: — | L75: {=IF(AND(INDEX(Profils!$F$5:$F$34,$AE75)>0,INDEX(Profils!$U$5:$U$34,$AE75)<=$AH75),ROUND(INDEX(Profils!$F$5:$F$34,$AE75)*Paramètres!$E$22*$AG75*$AJ75,Paramètres!$F$22),0)} -> 8 | M75: {=IF(AND(INDEX(Profils!$G$5:$G$34,$AE75)>0,INDEX(Profils!$V$5:$V$34,$AE75)<=$AH75),ROUND(INDEX(Profils!$G$5:$G$34,$AE75)*Paramètres!$E$23*$AG75*$AJ75,Paramètres!$F$23),0)} -> 0 | N75: {=IF(AND(INDEX(Profils!$H$5:$H$34,$AE75)>0,INDEX(Profils!$W$5:$W$34,$AE75)<=$AH75),ROUND(INDEX(Profils!$H$5:$H$34,$AE75)*Paramètres!$E$24*$AG75*$AJ75,Paramètres!$F$24),0)} -> 4 | O75: {=IF(AND(INDEX(Profils!$I$5:$I$34,$AE75)>0,INDEX(Profils!$X$5:$X$34,$AE75)<=$AH75),ROUND(INDEX(Profils!$I$5:$I$34,$AE75)*Paramètres!$E$25*$AG75*$AJ75,Paramètres!$F$25),0)} -> 0 | P75: {=IF(AND(INDEX(Profils!$J$5:$J$34,$AE75)>0,INDEX(Profils!$Y$5:$Y$34,$AE75)<=$AH75),ROUND(INDEX(Profils!$J$5:$J$34,$AE75)*Paramètres!$E$26*$AG75*$AJ75,Paramètres!$F$26),0)} -> 0 | Q75: {=IF(AND(INDEX(Profils!$K$5:$K$34,$AE75)>0,INDEX(Profils!$Z$5:$Z$34,$AE75)<=$AH75),ROUND(INDEX(Profils!$K$5:$K$34,$AE75)*Paramètres!$E$27*$AG75*$AJ75,Paramètres!$F$27),0)} -> 0 | R75: {=IF(AND(INDEX(Profils!$L$5:$L$34,$AE75)>0,INDEX(Profils!$AA$5:$AA$34,$AE75)<=$AH75),ROUND(INDEX(Profils!$L$5:$L$34,$AE75)*Paramètres!$E$28*$AG75*$AJ75,Paramètres!$F$28),0)} -> 0 | S75: {=IF(AND(INDEX(Profils!$M$5:$M$34,$AE75)>0,INDEX(Profils!$AB$5:$AB$34,$AE75)<=$AH75),ROUND(INDEX(Profils!$M$5:$M$34,$AE75)*Paramètres!$E$29*$AG75*$AJ75,Paramètres!$F$29),0)} -> 0 | T75: {=IF(AND(INDEX(Profils!$N$5:$N$34,$AE75)>0,INDEX(Profils!$AC$5:$AC$34,$AE75)<=$AH75),ROUND(INDEX(Profils!$N$5:$N$34,$AE75)*Paramètres!$E$30*$AG75*$AJ75,Paramètres!$F$30),0)} -> 0 | U75: {=IF(AND(INDEX(Profils!$O$5:$O$34,$AE75)>0,INDEX(Profils!$AD$5:$AD$34,$AE75)<=$AH75),ROUND(INDEX(Profils!$O$5:$O$34,$AE75)*Paramètres!$E$31*$AG75*$AJ75,Paramètres!$F$31),0)} -> 5 | V75: {=IF(AND(INDEX(Profils!$P$5:$P$34,$AE75)>0,INDEX(Profils!$AE$5:$AE$34,$AE75)<=$AH75),ROUND(INDEX(Profils!$P$5:$P$34,$AE75)*Paramètres!$E$32*$AG75*$AJ75,Paramètres!$F$32),0)} -> 0 | W75: {=IF(AND(INDEX(Profils!$Q$5:$Q$34,$AE75)>0,INDEX(Profils!$AF$5:$AF$34,$AE75)<=$AH75),ROUND(INDEX(Profils!$Q$5:$Q$34,$AE75)*Paramètres!$E$33*$AG75*$AJ75,Paramètres!$F$33),0)} -> 0 | X75: {=IF(AND(INDEX(Profils!$R$5:$R$34,$AE75)>0,INDEX(Profils!$AG$5:$AG$34,$AE75)<=$AH75),ROUND(INDEX(Profils!$R$5:$R$34,$AE75)*Paramètres!$E$34*$AG75*$AJ75,Paramètres!$F$34),0)} -> 0 | Y75: {=IF(AND(INDEX(Profils!$S$5:$S$34,$AE75)>0,INDEX(Profils!$AH$5:$AH$34,$AE75)<=$AH75),ROUND(INDEX(Profils!$S$5:$S$34,$AE75)*Paramètres!$E$35*$AG75*$AJ75,Paramètres!$F$35),0)} -> 0 | Z75: =ROUND(L75/Paramètres!$E$22+M75/Paramètres!$E$23+N75/Paramètres!$E$24+O75/Paramètres!$E$25+P75/Paramètres!$E$26+Q75/Paramètres!$E$27+R75/Paramètres!$E$28+S75/Paramètres!$E$29+T75/Paramètres!$E$30+U75/Paramètres!$E$31+V75/Paramètres!$E$32+W75/Paramètres!$E$33+X75/Paramètres!$E$34+Y75/Paramètres!$E$35,1) -> 0.8 | AA75: — | AB75: — | AC75: =$E75 -> fer | AD75: {=IF($I75>=$AI75,"Max",ROUND(Paramètres!$B$40*($I75+1)^Paramètres!$B$41*INDEX(Paramètres!$H$6:$H$12,$AF75),0))} -> 4 | AE75: =MATCH($B75&"|"&$C75,Profils!$A$5:$A$34,0) -> 3 | AF75: 2 | AG75: {=INDEX(Paramètres!$C$6:$C$12,$AF75)} -> 1.2 | AH75: {=INDEX(Paramètres!$D$6:$D$12,$AF75)} -> 3 | AI75: {=INDEX(Matériaux!$C$16:$C$20,$D75)} -> 20 | AJ75: =Paramètres!$B$16+(1-Paramètres!$B$16)*(($J75-Paramètres!$B$14)/(Paramètres!$B$15-Paramètres!$B$14))^Paramètres!$B$17 -> 0.14084793
A76: GUE-PAN-P2-SRA | B76: Guerrier | C76: Pantalon | D76: 2 | E76: {=INDEX(Matériaux!$B$5:$F$12,MATCH(INDEX(Profils!$E$5:$E$34,$AE76),Matériaux!$A$5:$A$12,0),$D76)} -> fer | F76: Super rare | G76: {=INDEX(Profils!$D$5:$D$34,$AE76)&" en "&$E76} -> Jambières en fer | H76: {=INDEX(Matériaux!$B$16:$B$20,$D76)} -> 15 | I76: =IF(ISNUMBER($C$3),MIN(MAX(0,ROUND($C$3,0)),$AI76),$AI76) -> 0 | J76: =$H76+$I76 -> 15 | K76: — | L76: {=IF(AND(INDEX(Profils!$F$5:$F$34,$AE76)>0,INDEX(Profils!$U$5:$U$34,$AE76)<=$AH76),ROUND(INDEX(Profils!$F$5:$F$34,$AE76)*Paramètres!$E$22*$AG76*$AJ76,Paramètres!$F$22),0)} -> 10 | M76: {=IF(AND(INDEX(Profils!$G$5:$G$34,$AE76)>0,INDEX(Profils!$V$5:$V$34,$AE76)<=$AH76),ROUND(INDEX(Profils!$G$5:$G$34,$AE76)*Paramètres!$E$23*$AG76*$AJ76,Paramètres!$F$23),0)} -> 2 | N76: {=IF(AND(INDEX(Profils!$H$5:$H$34,$AE76)>0,INDEX(Profils!$W$5:$W$34,$AE76)<=$AH76),ROUND(INDEX(Profils!$H$5:$H$34,$AE76)*Paramètres!$E$24*$AG76*$AJ76,Paramètres!$F$24),0)} -> 4 | O76: {=IF(AND(INDEX(Profils!$I$5:$I$34,$AE76)>0,INDEX(Profils!$X$5:$X$34,$AE76)<=$AH76),ROUND(INDEX(Profils!$I$5:$I$34,$AE76)*Paramètres!$E$25*$AG76*$AJ76,Paramètres!$F$25),0)} -> 0 | P76: {=IF(AND(INDEX(Profils!$J$5:$J$34,$AE76)>0,INDEX(Profils!$Y$5:$Y$34,$AE76)<=$AH76),ROUND(INDEX(Profils!$J$5:$J$34,$AE76)*Paramètres!$E$26*$AG76*$AJ76,Paramètres!$F$26),0)} -> 0 | Q76: {=IF(AND(INDEX(Profils!$K$5:$K$34,$AE76)>0,INDEX(Profils!$Z$5:$Z$34,$AE76)<=$AH76),ROUND(INDEX(Profils!$K$5:$K$34,$AE76)*Paramètres!$E$27*$AG76*$AJ76,Paramètres!$F$27),0)} -> 0 | R76: {=IF(AND(INDEX(Profils!$L$5:$L$34,$AE76)>0,INDEX(Profils!$AA$5:$AA$34,$AE76)<=$AH76),ROUND(INDEX(Profils!$L$5:$L$34,$AE76)*Paramètres!$E$28*$AG76*$AJ76,Paramètres!$F$28),0)} -> 0 | S76: {=IF(AND(INDEX(Profils!$M$5:$M$34,$AE76)>0,INDEX(Profils!$AB$5:$AB$34,$AE76)<=$AH76),ROUND(INDEX(Profils!$M$5:$M$34,$AE76)*Paramètres!$E$29*$AG76*$AJ76,Paramètres!$F$29),0)} -> 0 | T76: {=IF(AND(INDEX(Profils!$N$5:$N$34,$AE76)>0,INDEX(Profils!$AC$5:$AC$34,$AE76)<=$AH76),ROUND(INDEX(Profils!$N$5:$N$34,$AE76)*Paramètres!$E$30*$AG76*$AJ76,Paramètres!$F$30),0)} -> 0 | U76: {=IF(AND(INDEX(Profils!$O$5:$O$34,$AE76)>0,INDEX(Profils!$AD$5:$AD$34,$AE76)<=$AH76),ROUND(INDEX(Profils!$O$5:$O$34,$AE76)*Paramètres!$E$31*$AG76*$AJ76,Paramètres!$F$31),0)} -> 7 | V76: {=IF(AND(INDEX(Profils!$P$5:$P$34,$AE76)>0,INDEX(Profils!$AE$5:$AE$34,$AE76)<=$AH76),ROUND(INDEX(Profils!$P$5:$P$34,$AE76)*Paramètres!$E$32*$AG76*$AJ76,Paramètres!$F$32),0)} -> 0 | W76: {=IF(AND(INDEX(Profils!$Q$5:$Q$34,$AE76)>0,INDEX(Profils!$AF$5:$AF$34,$AE76)<=$AH76),ROUND(INDEX(Profils!$Q$5:$Q$34,$AE76)*Paramètres!$E$33*$AG76*$AJ76,Paramètres!$F$33),0)} -> 0 | X76: {=IF(AND(INDEX(Profils!$R$5:$R$34,$AE76)>0,INDEX(Profils!$AG$5:$AG$34,$AE76)<=$AH76),ROUND(INDEX(Profils!$R$5:$R$34,$AE76)*Paramètres!$E$34*$AG76*$AJ76,Paramètres!$F$34),0)} -> 0 | Y76: {=IF(AND(INDEX(Profils!$S$5:$S$34,$AE76)>0,INDEX(Profils!$AH$5:$AH$34,$AE76)<=$AH76),ROUND(INDEX(Profils!$S$5:$S$34,$AE76)*Paramètres!$E$35*$AG76*$AJ76,Paramètres!$F$35),0)} -> 0 | Z76: =ROUND(L76/Paramètres!$E$22+M76/Paramètres!$E$23+N76/Paramètres!$E$24+O76/Paramètres!$E$25+P76/Paramètres!$E$26+Q76/Paramètres!$E$27+R76/Paramètres!$E$28+S76/Paramètres!$E$29+T76/Paramètres!$E$30+U76/Paramètres!$E$31+V76/Paramètres!$E$32+W76/Paramètres!$E$33+X76/Paramètres!$E$34+Y76/Paramètres!$E$35,1) -> 1.2 | AA76: — | AB76: — | AC76: =$E76 -> fer | AD76: {=IF($I76>=$AI76,"Max",ROUND(Paramètres!$B$40*($I76+1)^Paramètres!$B$41*INDEX(Paramètres!$H$6:$H$12,$AF76),0))} -> 4 | AE76: =MATCH($B76&"|"&$C76,Profils!$A$5:$A$34,0) -> 3 | AF76: 3 | AG76: {=INDEX(Paramètres!$C$6:$C$12,$AF76)} -> 1.45 | AH76: {=INDEX(Paramètres!$D$6:$D$12,$AF76)} -> 4 | AI76: {=INDEX(Matériaux!$C$16:$C$20,$D76)} -> 20 | AJ76: =Paramètres!$B$16+(1-Paramètres!$B$16)*(($J76-Paramètres!$B$14)/(Paramètres!$B$15-Paramètres!$B$14))^Paramètres!$B$17 -> 0.14084793
A77: GUE-PAN-P2-EPI | B77: Guerrier | C77: Pantalon | D77: 2 | E77: {=INDEX(Matériaux!$B$5:$F$12,MATCH(INDEX(Profils!$E$5:$E$34,$AE77),Matériaux!$A$5:$A$12,0),$D77)} -> fer | F77: Épique | G77: {=INDEX(Profils!$D$5:$D$34,$AE77)&" en "&$E77} -> Jambières en fer | H77: {=INDEX(Matériaux!$B$16:$B$20,$D77)} -> 15 | I77: =IF(ISNUMBER($C$3),MIN(MAX(0,ROUND($C$3,0)),$AI77),$AI77) -> 0 | J77: =$H77+$I77 -> 15 | K77: — | L77: {=IF(AND(INDEX(Profils!$F$5:$F$34,$AE77)>0,INDEX(Profils!$U$5:$U$34,$AE77)<=$AH77),ROUND(INDEX(Profils!$F$5:$F$34,$AE77)*Paramètres!$E$22*$AG77*$AJ77,Paramètres!$F$22),0)} -> 12 | M77: {=IF(AND(INDEX(Profils!$G$5:$G$34,$AE77)>0,INDEX(Profils!$V$5:$V$34,$AE77)<=$AH77),ROUND(INDEX(Profils!$G$5:$G$34,$AE77)*Paramètres!$E$23*$AG77*$AJ77,Paramètres!$F$23),0)} -> 3 | N77: {=IF(AND(INDEX(Profils!$H$5:$H$34,$AE77)>0,INDEX(Profils!$W$5:$W$34,$AE77)<=$AH77),ROUND(INDEX(Profils!$H$5:$H$34,$AE77)*Paramètres!$E$24*$AG77*$AJ77,Paramètres!$F$24),0)} -> 5 | O77: {=IF(AND(INDEX(Profils!$I$5:$I$34,$AE77)>0,INDEX(Profils!$X$5:$X$34,$AE77)<=$AH77),ROUND(INDEX(Profils!$I$5:$I$34,$AE77)*Paramètres!$E$25*$AG77*$AJ77,Paramètres!$F$25),0)} -> 0 | P77: {=IF(AND(INDEX(Profils!$J$5:$J$34,$AE77)>0,INDEX(Profils!$Y$5:$Y$34,$AE77)<=$AH77),ROUND(INDEX(Profils!$J$5:$J$34,$AE77)*Paramètres!$E$26*$AG77*$AJ77,Paramètres!$F$26),0)} -> 2 | Q77: {=IF(AND(INDEX(Profils!$K$5:$K$34,$AE77)>0,INDEX(Profils!$Z$5:$Z$34,$AE77)<=$AH77),ROUND(INDEX(Profils!$K$5:$K$34,$AE77)*Paramètres!$E$27*$AG77*$AJ77,Paramètres!$F$27),0)} -> 0 | R77: {=IF(AND(INDEX(Profils!$L$5:$L$34,$AE77)>0,INDEX(Profils!$AA$5:$AA$34,$AE77)<=$AH77),ROUND(INDEX(Profils!$L$5:$L$34,$AE77)*Paramètres!$E$28*$AG77*$AJ77,Paramètres!$F$28),0)} -> 0 | S77: {=IF(AND(INDEX(Profils!$M$5:$M$34,$AE77)>0,INDEX(Profils!$AB$5:$AB$34,$AE77)<=$AH77),ROUND(INDEX(Profils!$M$5:$M$34,$AE77)*Paramètres!$E$29*$AG77*$AJ77,Paramètres!$F$29),0)} -> 0 | T77: {=IF(AND(INDEX(Profils!$N$5:$N$34,$AE77)>0,INDEX(Profils!$AC$5:$AC$34,$AE77)<=$AH77),ROUND(INDEX(Profils!$N$5:$N$34,$AE77)*Paramètres!$E$30*$AG77*$AJ77,Paramètres!$F$30),0)} -> 0 | U77: {=IF(AND(INDEX(Profils!$O$5:$O$34,$AE77)>0,INDEX(Profils!$AD$5:$AD$34,$AE77)<=$AH77),ROUND(INDEX(Profils!$O$5:$O$34,$AE77)*Paramètres!$E$31*$AG77*$AJ77,Paramètres!$F$31),0)} -> 8 | V77: {=IF(AND(INDEX(Profils!$P$5:$P$34,$AE77)>0,INDEX(Profils!$AE$5:$AE$34,$AE77)<=$AH77),ROUND(INDEX(Profils!$P$5:$P$34,$AE77)*Paramètres!$E$32*$AG77*$AJ77,Paramètres!$F$32),0)} -> 0 | W77: {=IF(AND(INDEX(Profils!$Q$5:$Q$34,$AE77)>0,INDEX(Profils!$AF$5:$AF$34,$AE77)<=$AH77),ROUND(INDEX(Profils!$Q$5:$Q$34,$AE77)*Paramètres!$E$33*$AG77*$AJ77,Paramètres!$F$33),0)} -> 0 | X77: {=IF(AND(INDEX(Profils!$R$5:$R$34,$AE77)>0,INDEX(Profils!$AG$5:$AG$34,$AE77)<=$AH77),ROUND(INDEX(Profils!$R$5:$R$34,$AE77)*Paramètres!$E$34*$AG77*$AJ77,Paramètres!$F$34),0)} -> 0 | Y77: {=IF(AND(INDEX(Profils!$S$5:$S$34,$AE77)>0,INDEX(Profils!$AH$5:$AH$34,$AE77)<=$AH77),ROUND(INDEX(Profils!$S$5:$S$34,$AE77)*Paramètres!$E$35*$AG77*$AJ77,Paramètres!$F$35),0)} -> 0 | Z77: =ROUND(L77/Paramètres!$E$22+M77/Paramètres!$E$23+N77/Paramètres!$E$24+O77/Paramètres!$E$25+P77/Paramètres!$E$26+Q77/Paramètres!$E$27+R77/Paramètres!$E$28+S77/Paramètres!$E$29+T77/Paramètres!$E$30+U77/Paramètres!$E$31+V77/Paramètres!$E$32+W77/Paramètres!$E$33+X77/Paramètres!$E$34+Y77/Paramètres!$E$35,1) -> 1.6 | AA77: — | AB77: — | AC77: =$E77 -> fer | AD77: {=IF($I77>=$AI77,"Max",ROUND(Paramètres!$B$40*($I77+1)^Paramètres!$B$41*INDEX(Paramètres!$H$6:$H$12,$AF77),0))} -> 5 | AE77: =MATCH($B77&"|"&$C77,Profils!$A$5:$A$34,0) -> 3 | AF77: 4 | AG77: {=INDEX(Paramètres!$C$6:$C$12,$AF77)} -> 1.75 | AH77: {=INDEX(Paramètres!$D$6:$D$12,$AF77)} -> 5 | AI77: {=INDEX(Matériaux!$C$16:$C$20,$D77)} -> 20 | AJ77: =Paramètres!$B$16+(1-Paramètres!$B$16)*(($J77-Paramètres!$B$14)/(Paramètres!$B$15-Paramètres!$B$14))^Paramètres!$B$17 -> 0.14084793
A78: GUE-PAN-P2-MYT | B78: Guerrier | C78: Pantalon | D78: 2 | E78: {=INDEX(Matériaux!$B$5:$F$12,MATCH(INDEX(Profils!$E$5:$E$34,$AE78),Matériaux!$A$5:$A$12,0),$D78)} -> fer | F78: Mythique | G78: {=INDEX(Profils!$D$5:$D$34,$AE78)&" en "&$E78} -> Jambières en fer | H78: {=INDEX(Matériaux!$B$16:$B$20,$D78)} -> 15 | I78: =IF(ISNUMBER($C$3),MIN(MAX(0,ROUND($C$3,0)),$AI78),$AI78) -> 0 | J78: =$H78+$I78 -> 15 | K78: — | L78: {=IF(AND(INDEX(Profils!$F$5:$F$34,$AE78)>0,INDEX(Profils!$U$5:$U$34,$AE78)<=$AH78),ROUND(INDEX(Profils!$F$5:$F$34,$AE78)*Paramètres!$E$22*$AG78*$AJ78,Paramètres!$F$22),0)} -> 15 | M78: {=IF(AND(INDEX(Profils!$G$5:$G$34,$AE78)>0,INDEX(Profils!$V$5:$V$34,$AE78)<=$AH78),ROUND(INDEX(Profils!$G$5:$G$34,$AE78)*Paramètres!$E$23*$AG78*$AJ78,Paramètres!$F$23),0)} -> 3 | N78: {=IF(AND(INDEX(Profils!$H$5:$H$34,$AE78)>0,INDEX(Profils!$W$5:$W$34,$AE78)<=$AH78),ROUND(INDEX(Profils!$H$5:$H$34,$AE78)*Paramètres!$E$24*$AG78*$AJ78,Paramètres!$F$24),0)} -> 6 | O78: {=IF(AND(INDEX(Profils!$I$5:$I$34,$AE78)>0,INDEX(Profils!$X$5:$X$34,$AE78)<=$AH78),ROUND(INDEX(Profils!$I$5:$I$34,$AE78)*Paramètres!$E$25*$AG78*$AJ78,Paramètres!$F$25),0)} -> 0 | P78: {=IF(AND(INDEX(Profils!$J$5:$J$34,$AE78)>0,INDEX(Profils!$Y$5:$Y$34,$AE78)<=$AH78),ROUND(INDEX(Profils!$J$5:$J$34,$AE78)*Paramètres!$E$26*$AG78*$AJ78,Paramètres!$F$26),0)} -> 2 | Q78: {=IF(AND(INDEX(Profils!$K$5:$K$34,$AE78)>0,INDEX(Profils!$Z$5:$Z$34,$AE78)<=$AH78),ROUND(INDEX(Profils!$K$5:$K$34,$AE78)*Paramètres!$E$27*$AG78*$AJ78,Paramètres!$F$27),0)} -> 0 | R78: {=IF(AND(INDEX(Profils!$L$5:$L$34,$AE78)>0,INDEX(Profils!$AA$5:$AA$34,$AE78)<=$AH78),ROUND(INDEX(Profils!$L$5:$L$34,$AE78)*Paramètres!$E$28*$AG78*$AJ78,Paramètres!$F$28),0)} -> 0 | S78: {=IF(AND(INDEX(Profils!$M$5:$M$34,$AE78)>0,INDEX(Profils!$AB$5:$AB$34,$AE78)<=$AH78),ROUND(INDEX(Profils!$M$5:$M$34,$AE78)*Paramètres!$E$29*$AG78*$AJ78,Paramètres!$F$29),0)} -> 0 | T78: {=IF(AND(INDEX(Profils!$N$5:$N$34,$AE78)>0,INDEX(Profils!$AC$5:$AC$34,$AE78)<=$AH78),ROUND(INDEX(Profils!$N$5:$N$34,$AE78)*Paramètres!$E$30*$AG78*$AJ78,Paramètres!$F$30),0)} -> 0 | U78: {=IF(AND(INDEX(Profils!$O$5:$O$34,$AE78)>0,INDEX(Profils!$AD$5:$AD$34,$AE78)<=$AH78),ROUND(INDEX(Profils!$O$5:$O$34,$AE78)*Paramètres!$E$31*$AG78*$AJ78,Paramètres!$F$31),0)} -> 9 | V78: {=IF(AND(INDEX(Profils!$P$5:$P$34,$AE78)>0,INDEX(Profils!$AE$5:$AE$34,$AE78)<=$AH78),ROUND(INDEX(Profils!$P$5:$P$34,$AE78)*Paramètres!$E$32*$AG78*$AJ78,Paramètres!$F$32),0)} -> 0 | W78: {=IF(AND(INDEX(Profils!$Q$5:$Q$34,$AE78)>0,INDEX(Profils!$AF$5:$AF$34,$AE78)<=$AH78),ROUND(INDEX(Profils!$Q$5:$Q$34,$AE78)*Paramètres!$E$33*$AG78*$AJ78,Paramètres!$F$33),0)} -> 0.003 | X78: {=IF(AND(INDEX(Profils!$R$5:$R$34,$AE78)>0,INDEX(Profils!$AG$5:$AG$34,$AE78)<=$AH78),ROUND(INDEX(Profils!$R$5:$R$34,$AE78)*Paramètres!$E$34*$AG78*$AJ78,Paramètres!$F$34),0)} -> 0 | Y78: {=IF(AND(INDEX(Profils!$S$5:$S$34,$AE78)>0,INDEX(Profils!$AH$5:$AH$34,$AE78)<=$AH78),ROUND(INDEX(Profils!$S$5:$S$34,$AE78)*Paramètres!$E$35*$AG78*$AJ78,Paramètres!$F$35),0)} -> 0 | Z78: =ROUND(L78/Paramètres!$E$22+M78/Paramètres!$E$23+N78/Paramètres!$E$24+O78/Paramètres!$E$25+P78/Paramètres!$E$26+Q78/Paramètres!$E$27+R78/Paramètres!$E$28+S78/Paramètres!$E$29+T78/Paramètres!$E$30+U78/Paramètres!$E$31+V78/Paramètres!$E$32+W78/Paramètres!$E$33+X78/Paramètres!$E$34+Y78/Paramètres!$E$35,1) -> 2 | AA78: — | AB78: — | AC78: =$E78 -> fer | AD78: {=IF($I78>=$AI78,"Max",ROUND(Paramètres!$B$40*($I78+1)^Paramètres!$B$41*INDEX(Paramètres!$H$6:$H$12,$AF78),0))} -> 6 | AE78: =MATCH($B78&"|"&$C78,Profils!$A$5:$A$34,0) -> 3 | AF78: 5 | AG78: {=INDEX(Paramètres!$C$6:$C$12,$AF78)} -> 2.1 | AH78: {=INDEX(Paramètres!$D$6:$D$12,$AF78)} -> 6 | AI78: {=INDEX(Matériaux!$C$16:$C$20,$D78)} -> 20 | AJ78: =Paramètres!$B$16+(1-Paramètres!$B$16)*(($J78-Paramètres!$B$14)/(Paramètres!$B$15-Paramètres!$B$14))^Paramètres!$B$17 -> 0.14084793
A79: GUE-PAN-P2-LEG | B79: Guerrier | C79: Pantalon | D79: 2 | E79: {=INDEX(Matériaux!$B$5:$F$12,MATCH(INDEX(Profils!$E$5:$E$34,$AE79),Matériaux!$A$5:$A$12,0),$D79)} -> fer | F79: Légendaire | G79: {=INDEX(Profils!$D$5:$D$34,$AE79)&" en "&$E79} -> Jambières en fer | H79: {=INDEX(Matériaux!$B$16:$B$20,$D79)} -> 15 | I79: =IF(ISNUMBER($C$3),MIN(MAX(0,ROUND($C$3,0)),$AI79),$AI79) -> 0 | J79: =$H79+$I79 -> 15 | K79: — | L79: {=IF(AND(INDEX(Profils!$F$5:$F$34,$AE79)>0,INDEX(Profils!$U$5:$U$34,$AE79)<=$AH79),ROUND(INDEX(Profils!$F$5:$F$34,$AE79)*Paramètres!$E$22*$AG79*$AJ79,Paramètres!$F$22),0)} -> 17 | M79: {=IF(AND(INDEX(Profils!$G$5:$G$34,$AE79)>0,INDEX(Profils!$V$5:$V$34,$AE79)<=$AH79),ROUND(INDEX(Profils!$G$5:$G$34,$AE79)*Paramètres!$E$23*$AG79*$AJ79,Paramètres!$F$23),0)} -> 4 | N79: {=IF(AND(INDEX(Profils!$H$5:$H$34,$AE79)>0,INDEX(Profils!$W$5:$W$34,$AE79)<=$AH79),ROUND(INDEX(Profils!$H$5:$H$34,$AE79)*Paramètres!$E$24*$AG79*$AJ79,Paramètres!$F$24),0)} -> 7 | O79: {=IF(AND(INDEX(Profils!$I$5:$I$34,$AE79)>0,INDEX(Profils!$X$5:$X$34,$AE79)<=$AH79),ROUND(INDEX(Profils!$I$5:$I$34,$AE79)*Paramètres!$E$25*$AG79*$AJ79,Paramètres!$F$25),0)} -> 0 | P79: {=IF(AND(INDEX(Profils!$J$5:$J$34,$AE79)>0,INDEX(Profils!$Y$5:$Y$34,$AE79)<=$AH79),ROUND(INDEX(Profils!$J$5:$J$34,$AE79)*Paramètres!$E$26*$AG79*$AJ79,Paramètres!$F$26),0)} -> 2 | Q79: {=IF(AND(INDEX(Profils!$K$5:$K$34,$AE79)>0,INDEX(Profils!$Z$5:$Z$34,$AE79)<=$AH79),ROUND(INDEX(Profils!$K$5:$K$34,$AE79)*Paramètres!$E$27*$AG79*$AJ79,Paramètres!$F$27),0)} -> 0 | R79: {=IF(AND(INDEX(Profils!$L$5:$L$34,$AE79)>0,INDEX(Profils!$AA$5:$AA$34,$AE79)<=$AH79),ROUND(INDEX(Profils!$L$5:$L$34,$AE79)*Paramètres!$E$28*$AG79*$AJ79,Paramètres!$F$28),0)} -> 0 | S79: {=IF(AND(INDEX(Profils!$M$5:$M$34,$AE79)>0,INDEX(Profils!$AB$5:$AB$34,$AE79)<=$AH79),ROUND(INDEX(Profils!$M$5:$M$34,$AE79)*Paramètres!$E$29*$AG79*$AJ79,Paramètres!$F$29),0)} -> 0 | T79: {=IF(AND(INDEX(Profils!$N$5:$N$34,$AE79)>0,INDEX(Profils!$AC$5:$AC$34,$AE79)<=$AH79),ROUND(INDEX(Profils!$N$5:$N$34,$AE79)*Paramètres!$E$30*$AG79*$AJ79,Paramètres!$F$30),0)} -> 0 | U79: {=IF(AND(INDEX(Profils!$O$5:$O$34,$AE79)>0,INDEX(Profils!$AD$5:$AD$34,$AE79)<=$AH79),ROUND(INDEX(Profils!$O$5:$O$34,$AE79)*Paramètres!$E$31*$AG79*$AJ79,Paramètres!$F$31),0)} -> 11 | V79: {=IF(AND(INDEX(Profils!$P$5:$P$34,$AE79)>0,INDEX(Profils!$AE$5:$AE$34,$AE79)<=$AH79),ROUND(INDEX(Profils!$P$5:$P$34,$AE79)*Paramètres!$E$32*$AG79*$AJ79,Paramètres!$F$32),0)} -> 0 | W79: {=IF(AND(INDEX(Profils!$Q$5:$Q$34,$AE79)>0,INDEX(Profils!$AF$5:$AF$34,$AE79)<=$AH79),ROUND(INDEX(Profils!$Q$5:$Q$34,$AE79)*Paramètres!$E$33*$AG79*$AJ79,Paramètres!$F$33),0)} -> 0.003 | X79: {=IF(AND(INDEX(Profils!$R$5:$R$34,$AE79)>0,INDEX(Profils!$AG$5:$AG$34,$AE79)<=$AH79),ROUND(INDEX(Profils!$R$5:$R$34,$AE79)*Paramètres!$E$34*$AG79*$AJ79,Paramètres!$F$34),0)} -> 0 | Y79: {=IF(AND(INDEX(Profils!$S$5:$S$34,$AE79)>0,INDEX(Profils!$AH$5:$AH$34,$AE79)<=$AH79),ROUND(INDEX(Profils!$S$5:$S$34,$AE79)*Paramètres!$E$35*$AG79*$AJ79,Paramètres!$F$35),0)} -> 0.003 | Z79: =ROUND(L79/Paramètres!$E$22+M79/Paramètres!$E$23+N79/Paramètres!$E$24+O79/Paramètres!$E$25+P79/Paramètres!$E$26+Q79/Paramètres!$E$27+R79/Paramètres!$E$28+S79/Paramètres!$E$29+T79/Paramètres!$E$30+U79/Paramètres!$E$31+V79/Paramètres!$E$32+W79/Paramètres!$E$33+X79/Paramètres!$E$34+Y79/Paramètres!$E$35,1) -> 2.5 | AA79: — | AB79: — | AC79: =$E79 -> fer | AD79: {=IF($I79>=$AI79,"Max",ROUND(Paramètres!$B$40*($I79+1)^Paramètres!$B$41*INDEX(Paramètres!$H$6:$H$12,$AF79),0))} -> 8 | AE79: =MATCH($B79&"|"&$C79,Profils!$A$5:$A$34,0) -> 3 | AF79: 6 | AG79: {=INDEX(Paramètres!$C$6:$C$12,$AF79)} -> 2.4 | AH79: {=INDEX(Paramètres!$D$6:$D$12,$AF79)} -> 7 | AI79: {=INDEX(Matériaux!$C$16:$C$20,$D79)} -> 20 | AJ79: =Paramètres!$B$16+(1-Paramètres!$B$16)*(($J79-Paramètres!$B$14)/(Paramètres!$B$15-Paramètres!$B$14))^Paramètres!$B$17 -> 0.14084793
... A97: GUE-PAN-P5-LEG | B97: Guerrier | C97: Pantalon | D97: 5 | E97: {=INDEX(Matériaux!$B$5:$F$12,MATCH(INDEX(Profils!$E$5:$E$34,$AE97),Matériaux!$A$5:$A$12,0),$D97)} -> adamantite | F97: Légendaire | G97: {=INDEX(Profils!$D$5:$D$34,$AE97)&" en "&$E97} -> Jambières en adamantite | H97: {=INDEX(Matériaux!$B$16:$B$20,$D97)} -> 70 | I97: =IF(ISNUMBER($C$3),MIN(MAX(0,ROUND($C$3,0)),$AI97),$AI97) -> 0 | J97: =$H97+$I97 -> 70 | K97: — | L97: {=IF(AND(INDEX(Profils!$F$5:$F$34,$AE97)>0,INDEX(Profils!$U$5:$U$34,$AE97)<=$AH97),ROUND(INDEX(Profils!$F$5:$F$34,$AE97)*Paramètres!$E$22*$AG97*$AJ97,Paramètres!$F$22),0)} -> 80 | M97: {=IF(AND(INDEX(Profils!$G$5:$G$34,$AE97)>0,INDEX(Profils!$V$5:$V$34,$AE97)<=$AH97),ROUND(INDEX(Profils!$G$5:$G$34,$AE97)*Paramètres!$E$23*$AG97*$AJ97,Paramètres!$F$23),0)} -> 17 | N97: {=IF(AND(INDEX(Profils!$H$5:$H$34,$AE97)>0,INDEX(Profils!$W$5:$W$34,$AE97)<=$AH97),ROUND(INDEX(Profils!$H$5:$H$34,$AE97)*Paramètres!$E$24*$AG97*$AJ97,Paramètres!$F$24),0)} -> 34 | O97: {=IF(AND(INDEX(Profils!$I$5:$I$34,$AE97)>0,INDEX(Profils!$X$5:$X$34,$AE97)<=$AH97),ROUND(INDEX(Profils!$I$5:$I$34,$AE97)*Paramètres!$E$25*$AG97*$AJ97,Paramètres!$F$25),0)} -> 0 | P97: {=IF(AND(INDEX(Profils!$J$5:$J$34,$AE97)>0,INDEX(Profils!$Y$5:$Y$34,$AE97)<=$AH97),ROUND(INDEX(Profils!$J$5:$J$34,$AE97)*Paramètres!$E$26*$AG97*$AJ97,Paramètres!$F$26),0)} -> 12 | Q97: {=IF(AND(INDEX(Profils!$K$5:$K$34,$AE97)>0,INDEX(Profils!$Z$5:$Z$34,$AE97)<=$AH97),ROUND(INDEX(Profils!$K$5:$K$34,$AE97)*Paramètres!$E$27*$AG97*$AJ97,Paramètres!$F$27),0)} -> 0 | R97: {=IF(AND(INDEX(Profils!$L$5:$L$34,$AE97)>0,INDEX(Profils!$AA$5:$AA$34,$AE97)<=$AH97),ROUND(INDEX(Profils!$L$5:$L$34,$AE97)*Paramètres!$E$28*$AG97*$AJ97,Paramètres!$F$28),0)} -> 0 | S97: {=IF(AND(INDEX(Profils!$M$5:$M$34,$AE97)>0,INDEX(Profils!$AB$5:$AB$34,$AE97)<=$AH97),ROUND(INDEX(Profils!$M$5:$M$34,$AE97)*Paramètres!$E$29*$AG97*$AJ97,Paramètres!$F$29),0)} -> 0 | T97: {=IF(AND(INDEX(Profils!$N$5:$N$34,$AE97)>0,INDEX(Profils!$AC$5:$AC$34,$AE97)<=$AH97),ROUND(INDEX(Profils!$N$5:$N$34,$AE97)*Paramètres!$E$30*$AG97*$AJ97,Paramètres!$F$30),0)} -> 0 | U97: {=IF(AND(INDEX(Profils!$O$5:$O$34,$AE97)>0,INDEX(Profils!$AD$5:$AD$34,$AE97)<=$AH97),ROUND(INDEX(Profils!$O$5:$O$34,$AE97)*Paramètres!$E$31*$AG97*$AJ97,Paramètres!$F$31),0)} -> 51 | V97: {=IF(AND(INDEX(Profils!$P$5:$P$34,$AE97)>0,INDEX(Profils!$AE$5:$AE$34,$AE97)<=$AH97),ROUND(INDEX(Profils!$P$5:$P$34,$AE97)*Paramètres!$E$32*$AG97*$AJ97,Paramètres!$F$32),0)} -> 0 | W97: {=IF(AND(INDEX(Profils!$Q$5:$Q$34,$AE97)>0,INDEX(Profils!$AF$5:$AF$34,$AE97)<=$AH97),ROUND(INDEX(Profils!$Q$5:$Q$34,$AE97)*Paramètres!$E$33*$AG97*$AJ97,Paramètres!$F$33),0)} -> 0.014 | X97: {=IF(AND(INDEX(Profils!$R$5:$R$34,$AE97)>0,INDEX(Profils!$AG$5:$AG$34,$AE97)<=$AH97),ROUND(INDEX(Profils!$R$5:$R$34,$AE97)*Paramètres!$E$34*$AG97*$AJ97,Paramètres!$F$34),0)} -> 0 | Y97: {=IF(AND(INDEX(Profils!$S$5:$S$34,$AE97)>0,INDEX(Profils!$AH$5:$AH$34,$AE97)<=$AH97),ROUND(INDEX(Profils!$S$5:$S$34,$AE97)*Paramètres!$E$35*$AG97*$AJ97,Paramètres!$F$35),0)} -> 0.012 | Z97: =ROUND(L97/Paramètres!$E$22+M97/Paramètres!$E$23+N97/Paramètres!$E$24+O97/Paramètres!$E$25+P97/Paramètres!$E$26+Q97/Paramètres!$E$27+R97/Paramètres!$E$28+S97/Paramètres!$E$29+T97/Paramètres!$E$30+U97/Paramètres!$E$31+V97/Paramètres!$E$32+W97/Paramètres!$E$33+X97/Paramètres!$E$34+Y97/Paramètres!$E$35,1) -> 11.9 | AA97: — | AB97: — | AC97: =$E97 -> adamantite | AD97: {=IF($I97>=$AI97,"Max",ROUND(Paramètres!$B$40*($I97+1)^Paramètres!$B$41*INDEX(Paramètres!$H$6:$H$12,$AF97),0))} -> 8 | AE97: =MATCH($B97&"|"&$C97,Profils!$A$5:$A$34,0) -> 3 | AF97: 6 | AG97: {=INDEX(Paramètres!$C$6:$C$12,$AF97)} -> 2.4 | AH97: {=INDEX(Paramètres!$D$6:$D$12,$AF97)} -> 7 | AI97: {=INDEX(Matériaux!$C$16:$C$20,$D97)} -> 30 | AJ97: =Paramètres!$B$16+(1-Paramètres!$B$16)*(($J97-Paramètres!$B$14)/(Paramètres!$B$15-Paramètres!$B$14))^Paramètres!$B$17 -> 0.66599939
A98: GUE-PAN-UNI | B98: Guerrier | C98: Pantalon | D98: — | E98: — | F98: Unique | G98: {=INDEX(Uniques!$E$5:$E$34,MATCH($B98&"|"&$C98,Uniques!$A$5:$A$34,0))} -> Jambières du Brasier Marchant | H98: {=INDEX(Uniques!$L$5:$L$34,MATCH($B98&"|"&$C98,Uniques!$A$5:$A$34,0))} -> 21 | I98: =IF(ISNUMBER($C$3),MIN(MAX(0,ROUND($C$3,0)),$AI98),$AI98) -> 0 | J98: =$H98+$I98 -> 21 | K98: {=INDEX(Uniques!$F$5:$F$34,MATCH($B98&"|"&$C98,Uniques!$A$5:$A$34,0))} -> Feu | L98: {=IF(AND(INDEX(Profils!$F$5:$F$34,$AE98)>0,INDEX(Profils!$U$5:$U$34,$AE98)<=$AH98),ROUND(INDEX(Profils!$F$5:$F$34,$AE98)*Paramètres!$E$22*$AG98*$AJ98,Paramètres!$F$22),0)} -> 24 | M98: {=IF(AND(INDEX(Profils!$G$5:$G$34,$AE98)>0,INDEX(Profils!$V$5:$V$34,$AE98)<=$AH98),ROUND(INDEX(Profils!$G$5:$G$34,$AE98)*Paramètres!$E$23*$AG98*$AJ98,Paramètres!$F$23),0)} -> 5 | N98: {=IF(AND(INDEX(Profils!$H$5:$H$34,$AE98)>0,INDEX(Profils!$W$5:$W$34,$AE98)<=$AH98),ROUND(INDEX(Profils!$H$5:$H$34,$AE98)*Paramètres!$E$24*$AG98*$AJ98,Paramètres!$F$24),0)} -> 10 | O98: {=IF(AND(INDEX(Profils!$I$5:$I$34,$AE98)>0,INDEX(Profils!$X$5:$X$34,$AE98)<=$AH98),ROUND(INDEX(Profils!$I$5:$I$34,$AE98)*Paramètres!$E$25*$AG98*$AJ98,Paramètres!$F$25),0)} -> 0 | P98: {=IF(AND(INDEX(Profils!$J$5:$J$34,$AE98)>0,INDEX(Profils!$Y$5:$Y$34,$AE98)<=$AH98),ROUND(INDEX(Profils!$J$5:$J$34,$AE98)*Paramètres!$E$26*$AG98*$AJ98,Paramètres!$F$26),0)} -> 3 | Q98: {=IF(AND(INDEX(Profils!$K$5:$K$34,$AE98)>0,INDEX(Profils!$Z$5:$Z$34,$AE98)<=$AH98),ROUND(INDEX(Profils!$K$5:$K$34,$AE98)*Paramètres!$E$27*$AG98*$AJ98,Paramètres!$F$27),0)} -> 0 | R98: {=IF(AND(INDEX(Profils!$L$5:$L$34,$AE98)>0,INDEX(Profils!$AA$5:$AA$34,$AE98)<=$AH98),ROUND(INDEX(Profils!$L$5:$L$34,$AE98)*Paramètres!$E$28*$AG98*$AJ98,Paramètres!$F$28),0)} -> 0 | S98: {=IF(AND(INDEX(Profils!$M$5:$M$34,$AE98)>0,INDEX(Profils!$AB$5:$AB$34,$AE98)<=$AH98),ROUND(INDEX(Profils!$M$5:$M$34,$AE98)*Paramètres!$E$29*$AG98*$AJ98,Paramètres!$F$29),0)} -> 0 | T98: {=IF(AND(INDEX(Profils!$N$5:$N$34,$AE98)>0,INDEX(Profils!$AC$5:$AC$34,$AE98)<=$AH98),ROUND(INDEX(Profils!$N$5:$N$34,$AE98)*Paramètres!$E$30*$AG98*$AJ98,Paramètres!$F$30),0)} -> 0 | U98: {=IF(AND(INDEX(Profils!$O$5:$O$34,$AE98)>0,INDEX(Profils!$AD$5:$AD$34,$AE98)<=$AH98),ROUND(INDEX(Profils!$O$5:$O$34,$AE98)*Paramètres!$E$31*$AG98*$AJ98,Paramètres!$F$31),0)} -> 15 | V98: {=IF(AND(INDEX(Profils!$P$5:$P$34,$AE98)>0,INDEX(Profils!$AE$5:$AE$34,$AE98)<=$AH98),ROUND(INDEX(Profils!$P$5:$P$34,$AE98)*Paramètres!$E$32*$AG98*$AJ98,Paramètres!$F$32),0)} -> 0 | W98: {=IF(AND(INDEX(Profils!$Q$5:$Q$34,$AE98)>0,INDEX(Profils!$AF$5:$AF$34,$AE98)<=$AH98),ROUND(INDEX(Profils!$Q$5:$Q$34,$AE98)*Paramètres!$E$33*$AG98*$AJ98,Paramètres!$F$33),0)} -> 0.004 | X98: {=IF(AND(INDEX(Profils!$R$5:$R$34,$AE98)>0,INDEX(Profils!$AG$5:$AG$34,$AE98)<=$AH98),ROUND(INDEX(Profils!$R$5:$R$34,$AE98)*Paramètres!$E$34*$AG98*$AJ98,Paramètres!$F$34),0)} -> 0 | Y98: {=IF(AND(INDEX(Profils!$S$5:$S$34,$AE98)>0,INDEX(Profils!$AH$5:$AH$34,$AE98)<=$AH98),ROUND(INDEX(Profils!$S$5:$S$34,$AE98)*Paramètres!$E$35*$AG98*$AJ98,Paramètres!$F$35),0)} -> 0.004 | Z98: =ROUND(L98/Paramètres!$E$22+M98/Paramètres!$E$23+N98/Paramètres!$E$24+O98/Paramètres!$E$25+P98/Paramètres!$E$26+Q98/Paramètres!$E$27+R98/Paramètres!$E$28+S98/Paramètres!$E$29+T98/Paramètres!$E$30+U98/Paramètres!$E$31+V98/Paramètres!$E$32+W98/Paramètres!$E$33+X98/Paramètres!$E$34+Y98/Paramètres!$E$35,1) -> 3.5 | AA98: {=INDEX(Uniques!$G$5:$G$34,MATCH($B98&"|"&$C98,Uniques!$A$5:$A$34,0))} -> Sillage de braise | AB98: {=INDEX(Uniques!$H$5:$H$34,MATCH($B98&"|"&$C98,Uniques!$A$5:$A$34,0))&" ["&INDEX(Uniques!$I$5:$I$34,MATCH($B98&"|"&$C98,Uniques!$A$5:$A$34,0))&"]"} -> Au début de chaque tour, 25 % de chance d'infliger Brûlure (Feu) à un ennemi aléatoire pendant 3 tours (8 % de la Force par tour). [1 Brûlure par cible ; durée rafraîchie, jamais cumulée.] | AC98: {=INDEX(Matériaux!$B$5:$F$12,MATCH(INDEX(Profils!$E$5:$E$34,$AE98),Matériaux!$A$5:$A$12,0),MATCH(MIN($J98+1,100),Matériaux!$B$16:$B$20,1))} -> fer | AD98: {=IF($I98>=$AI98,"Max",ROUND(Paramètres!$B$40*($I98+1)^Paramètres!$B$41*INDEX(Paramètres!$H$6:$H$12,$AF98),0))} -> 9 | AE98: =MATCH($B98&"|"&$C98,Profils!$A$5:$A$34,0) -> 3 | AF98: 7 | AG98: {=INDEX(Paramètres!$C$6:$C$12,$AF98)} -> 2.5 | AH98: {=INDEX(Paramètres!$D$6:$D$12,$AF98)} -> 7 | AI98: {=INDEX(Uniques!$M$5:$M$34,MATCH($B98&"|"&$C98,Uniques!$A$5:$A$34,0))} -> 79 | AJ98: =Paramètres!$B$16+(1-Paramètres!$B$16)*(($J98-Paramètres!$B$14)/(Paramètres!$B$15-Paramètres!$B$14))^Paramètres!$B$17 -> 0.18937901
A99: GUE-BOT-P1-COM | B99: Guerrier | C99: Botte | D99: 1 | E99: {=INDEX(Matériaux!$B$5:$F$12,MATCH(INDEX(Profils!$E$5:$E$34,$AE99),Matériaux!$A$5:$A$12,0),$D99)} -> cuir | F99: Commun | G99: {=INDEX(Profils!$D$5:$D$34,$AE99)&" en "&$E99} -> Brodequins en cuir | H99: {=INDEX(Matériaux!$B$16:$B$20,$D99)} -> 1 | I99: =IF(ISNUMBER($C$3),MIN(MAX(0,ROUND($C$3,0)),$AI99),$AI99) -> 0 | J99: =$H99+$I99 -> 1 | K99: — | L99: {=IF(AND(INDEX(Profils!$F$5:$F$34,$AE99)>0,INDEX(Profils!$U$5:$U$34,$AE99)<=$AH99),ROUND(INDEX(Profils!$F$5:$F$34,$AE99)*Paramètres!$E$22*$AG99*$AJ99,Paramètres!$F$22),0)} -> 2 | M99: {=IF(AND(INDEX(Profils!$G$5:$G$34,$AE99)>0,INDEX(Profils!$V$5:$V$34,$AE99)<=$AH99),ROUND(INDEX(Profils!$G$5:$G$34,$AE99)*Paramètres!$E$23*$AG99*$AJ99,Paramètres!$F$23),0)} -> 0 | N99: {=IF(AND(INDEX(Profils!$H$5:$H$34,$AE99)>0,INDEX(Profils!$W$5:$W$34,$AE99)<=$AH99),ROUND(INDEX(Profils!$H$5:$H$34,$AE99)*Paramètres!$E$24*$AG99*$AJ99,Paramètres!$F$24),0)} -> 0 | O99: {=IF(AND(INDEX(Profils!$I$5:$I$34,$AE99)>0,INDEX(Profils!$X$5:$X$34,$AE99)<=$AH99),ROUND(INDEX(Profils!$I$5:$I$34,$AE99)*Paramètres!$E$25*$AG99*$AJ99,Paramètres!$F$25),0)} -> 0 | P99: {=IF(AND(INDEX(Profils!$J$5:$J$34,$AE99)>0,INDEX(Profils!$Y$5:$Y$34,$AE99)<=$AH99),ROUND(INDEX(Profils!$J$5:$J$34,$AE99)*Paramètres!$E$26*$AG99*$AJ99,Paramètres!$F$26),0)} -> 1 | Q99: {=IF(AND(INDEX(Profils!$K$5:$K$34,$AE99)>0,INDEX(Profils!$Z$5:$Z$34,$AE99)<=$AH99),ROUND(INDEX(Profils!$K$5:$K$34,$AE99)*Paramètres!$E$27*$AG99*$AJ99,Paramètres!$F$27),0)} -> 0 | R99: {=IF(AND(INDEX(Profils!$L$5:$L$34,$AE99)>0,INDEX(Profils!$AA$5:$AA$34,$AE99)<=$AH99),ROUND(INDEX(Profils!$L$5:$L$34,$AE99)*Paramètres!$E$28*$AG99*$AJ99,Paramètres!$F$28),0)} -> 0 | S99: {=IF(AND(INDEX(Profils!$M$5:$M$34,$AE99)>0,INDEX(Profils!$AB$5:$AB$34,$AE99)<=$AH99),ROUND(INDEX(Profils!$M$5:$M$34,$AE99)*Paramètres!$E$29*$AG99*$AJ99,Paramètres!$F$29),0)} -> 0 | T99: {=IF(AND(INDEX(Profils!$N$5:$N$34,$AE99)>0,INDEX(Profils!$AC$5:$AC$34,$AE99)<=$AH99),ROUND(INDEX(Profils!$N$5:$N$34,$AE99)*Paramètres!$E$30*$AG99*$AJ99,Paramètres!$F$30),0)} -> 0 | U99: {=IF(AND(INDEX(Profils!$O$5:$O$34,$AE99)>0,INDEX(Profils!$AD$5:$AD$34,$AE99)<=$AH99),ROUND(INDEX(Profils!$O$5:$O$34,$AE99)*Paramètres!$E$31*$AG99*$AJ99,Paramètres!$F$31),0)} -> 0 | V99: {=IF(AND(INDEX(Profils!$P$5:$P$34,$AE99)>0,INDEX(Profils!$AE$5:$AE$34,$AE99)<=$AH99),ROUND(INDEX(Profils!$P$5:$P$34,$AE99)*Paramètres!$E$32*$AG99*$AJ99,Paramètres!$F$32),0)} -> 0 | W99: {=IF(AND(INDEX(Profils!$Q$5:$Q$34,$AE99)>0,INDEX(Profils!$AF$5:$AF$34,$AE99)<=$AH99),ROUND(INDEX(Profils!$Q$5:$Q$34,$AE99)*Paramètres!$E$33*$AG99*$AJ99,Paramètres!$F$33),0)} -> 0 | X99: {=IF(AND(INDEX(Profils!$R$5:$R$34,$AE99)>0,INDEX(Profils!$AG$5:$AG$34,$AE99)<=$AH99),ROUND(INDEX(Profils!$R$5:$R$34,$AE99)*Paramètres!$E$34*$AG99*$AJ99,Paramètres!$F$34),0)} -> 0 | Y99: {=IF(AND(INDEX(Profils!$S$5:$S$34,$AE99)>0,INDEX(Profils!$AH$5:$AH$34,$AE99)<=$AH99),ROUND(INDEX(Profils!$S$5:$S$34,$AE99)*Paramètres!$E$35*$AG99*$AJ99,Paramètres!$F$35),0)} -> 0 | Z99: =ROUND(L99/Paramètres!$E$22+M99/Paramètres!$E$23+N99/Paramètres!$E$24+O99/Paramètres!$E$25+P99/Paramètres!$E$26+Q99/Paramètres!$E$27+R99/Paramètres!$E$28+S99/Paramètres!$E$29+T99/Paramètres!$E$30+U99/Paramètres!$E$31+V99/Paramètres!$E$32+W99/Paramètres!$E$33+X99/Paramètres!$E$34+Y99/Paramètres!$E$35,1) -> 0.2 | AA99: — | AB99: — | AC99: =$E99 -> cuir | AD99: {=IF($I99>=$AI99,"Max",ROUND(Paramètres!$B$40*($I99+1)^Paramètres!$B$41*INDEX(Paramètres!$H$6:$H$12,$AF99),0))} -> 3 | AE99: =MATCH($B99&"|"&$C99,Profils!$A$5:$A$34,0) -> 4 | AF99: 1 | AG99: {=INDEX(Paramètres!$C$6:$C$12,$AF99)} -> 1 | AH99: {=INDEX(Paramètres!$D$6:$D$12,$AF99)} -> 2 | AI99: {=INDEX(Matériaux!$C$16:$C$20,$D99)} -> 19 | AJ99: =Paramètres!$B$16+(1-Paramètres!$B$16)*(($J99-Paramètres!$B$14)/(Paramètres!$B$15-Paramètres!$B$14))^Paramètres!$B$17 -> 0.05
A100: GUE-BOT-P1-RAR | B100: Guerrier | C100: Botte | D100: 1 | E100: {=INDEX(Matériaux!$B$5:$F$12,MATCH(INDEX(Profils!$E$5:$E$34,$AE100),Matériaux!$A$5:$A$12,0),$D100)} -> cuir | F100: Rare | G100: {=INDEX(Profils!$D$5:$D$34,$AE100)&" en "&$E100} -> Brodequins en cuir | H100: {=INDEX(Matériaux!$B$16:$B$20,$D100)} -> 1 | I100: =IF(ISNUMBER($C$3),MIN(MAX(0,ROUND($C$3,0)),$AI100),$AI100) -> 0 | J100: =$H100+$I100 -> 1 | K100: — | L100: {=IF(AND(INDEX(Profils!$F$5:$F$34,$AE100)>0,INDEX(Profils!$U$5:$U$34,$AE100)<=$AH100),ROUND(INDEX(Profils!$F$5:$F$34,$AE100)*Paramètres!$E$22*$AG100*$AJ100,Paramètres!$F$22),0)} -> 2 | M100: {=IF(AND(INDEX(Profils!$G$5:$G$34,$AE100)>0,INDEX(Profils!$V$5:$V$34,$AE100)<=$AH100),ROUND(INDEX(Profils!$G$5:$G$34,$AE100)*Paramètres!$E$23*$AG100*$AJ100,Paramètres!$F$23),0)} -> 0 | N100: {=IF(AND(INDEX(Profils!$H$5:$H$34,$AE100)>0,INDEX(Profils!$W$5:$W$34,$AE100)<=$AH100),ROUND(INDEX(Profils!$H$5:$H$34,$AE100)*Paramètres!$E$24*$AG100*$AJ100,Paramètres!$F$24),0)} -> 0 | O100: {=IF(AND(INDEX(Profils!$I$5:$I$34,$AE100)>0,INDEX(Profils!$X$5:$X$34,$AE100)<=$AH100),ROUND(INDEX(Profils!$I$5:$I$34,$AE100)*Paramètres!$E$25*$AG100*$AJ100,Paramètres!$F$25),0)} -> 0 | P100: {=IF(AND(INDEX(Profils!$J$5:$J$34,$AE100)>0,INDEX(Profils!$Y$5:$Y$34,$AE100)<=$AH100),ROUND(INDEX(Profils!$J$5:$J$34,$AE100)*Paramètres!$E$26*$AG100*$AJ100,Paramètres!$F$26),0)} -> 1 | Q100: {=IF(AND(INDEX(Profils!$K$5:$K$34,$AE100)>0,INDEX(Profils!$Z$5:$Z$34,$AE100)<=$AH100),ROUND(INDEX(Profils!$K$5:$K$34,$AE100)*Paramètres!$E$27*$AG100*$AJ100,Paramètres!$F$27),0)} -> 1 | R100: {=IF(AND(INDEX(Profils!$L$5:$L$34,$AE100)>0,INDEX(Profils!$AA$5:$AA$34,$AE100)<=$AH100),ROUND(INDEX(Profils!$L$5:$L$34,$AE100)*Paramètres!$E$28*$AG100*$AJ100,Paramètres!$F$28),0)} -> 0 | S100: {=IF(AND(INDEX(Profils!$M$5:$M$34,$AE100)>0,INDEX(Profils!$AB$5:$AB$34,$AE100)<=$AH100),ROUND(INDEX(Profils!$M$5:$M$34,$AE100)*Paramètres!$E$29*$AG100*$AJ100,Paramètres!$F$29),0)} -> 0 | T100: {=IF(AND(INDEX(Profils!$N$5:$N$34,$AE100)>0,INDEX(Profils!$AC$5:$AC$34,$AE100)<=$AH100),ROUND(INDEX(Profils!$N$5:$N$34,$AE100)*Paramètres!$E$30*$AG100*$AJ100,Paramètres!$F$30),0)} -> 0 | U100: {=IF(AND(INDEX(Profils!$O$5:$O$34,$AE100)>0,INDEX(Profils!$AD$5:$AD$34,$AE100)<=$AH100),ROUND(INDEX(Profils!$O$5:$O$34,$AE100)*Paramètres!$E$31*$AG100*$AJ100,Paramètres!$F$31),0)} -> 0 | V100: {=IF(AND(INDEX(Profils!$P$5:$P$34,$AE100)>0,INDEX(Profils!$AE$5:$AE$34,$AE100)<=$AH100),ROUND(INDEX(Profils!$P$5:$P$34,$AE100)*Paramètres!$E$32*$AG100*$AJ100,Paramètres!$F$32),0)} -> 0 | W100: {=IF(AND(INDEX(Profils!$Q$5:$Q$34,$AE100)>0,INDEX(Profils!$AF$5:$AF$34,$AE100)<=$AH100),ROUND(INDEX(Profils!$Q$5:$Q$34,$AE100)*Paramètres!$E$33*$AG100*$AJ100,Paramètres!$F$33),0)} -> 0 | X100: {=IF(AND(INDEX(Profils!$R$5:$R$34,$AE100)>0,INDEX(Profils!$AG$5:$AG$34,$AE100)<=$AH100),ROUND(INDEX(Profils!$R$5:$R$34,$AE100)*Paramètres!$E$34*$AG100*$AJ100,Paramètres!$F$34),0)} -> 0 | Y100: {=IF(AND(INDEX(Profils!$S$5:$S$34,$AE100)>0,INDEX(Profils!$AH$5:$AH$34,$AE100)<=$AH100),ROUND(INDEX(Profils!$S$5:$S$34,$AE100)*Paramètres!$E$35*$AG100*$AJ100,Paramètres!$F$35),0)} -> 0 | Z100: =ROUND(L100/Paramètres!$E$22+M100/Paramètres!$E$23+N100/Paramètres!$E$24+O100/Paramètres!$E$25+P100/Paramètres!$E$26+Q100/Paramètres!$E$27+R100/Paramètres!$E$28+S100/Paramètres!$E$29+T100/Paramètres!$E$30+U100/Paramètres!$E$31+V100/Paramètres!$E$32+W100/Paramètres!$E$33+X100/Paramètres!$E$34+Y100/Paramètres!$E$35,1) -> 0.3 | AA100: — | AB100: — | AC100: =$E100 -> cuir | AD100: {=IF($I100>=$AI100,"Max",ROUND(Paramètres!$B$40*($I100+1)^Paramètres!$B$41*INDEX(Paramètres!$H$6:$H$12,$AF100),0))} -> 4 | AE100: =MATCH($B100&"|"&$C100,Profils!$A$5:$A$34,0) -> 4 | AF100: 2 | AG100: {=INDEX(Paramètres!$C$6:$C$12,$AF100)} -> 1.2 | AH100: {=INDEX(Paramètres!$D$6:$D$12,$AF100)} -> 3 | AI100: {=INDEX(Matériaux!$C$16:$C$20,$D100)} -> 19 | AJ100: =Paramètres!$B$16+(1-Paramètres!$B$16)*(($J100-Paramètres!$B$14)/(Paramètres!$B$15-Paramètres!$B$14))^Paramètres!$B$17 -> 0.05
A101: GUE-BOT-P1-SRA | B101: Guerrier | C101: Botte | D101: 1 | E101: {=INDEX(Matériaux!$B$5:$F$12,MATCH(INDEX(Profils!$E$5:$E$34,$AE101),Matériaux!$A$5:$A$12,0),$D101)} -> cuir | F101: Super rare | G101: {=INDEX(Profils!$D$5:$D$34,$AE101)&" en "&$E101} -> Brodequins en cuir | H101: {=INDEX(Matériaux!$B$16:$B$20,$D101)} -> 1 | I101: =IF(ISNUMBER($C$3),MIN(MAX(0,ROUND($C$3,0)),$AI101),$AI101) -> 0 | J101: =$H101+$I101 -> 1 | K101: — | L101: {=IF(AND(INDEX(Profils!$F$5:$F$34,$AE101)>0,INDEX(Profils!$U$5:$U$34,$AE101)<=$AH101),ROUND(INDEX(Profils!$F$5:$F$34,$AE101)*Paramètres!$E$22*$AG101*$AJ101,Paramètres!$F$22),0)} -> 3 | M101: {=IF(AND(INDEX(Profils!$G$5:$G$34,$AE101)>0,INDEX(Profils!$V$5:$V$34,$AE101)<=$AH101),ROUND(INDEX(Profils!$G$5:$G$34,$AE101)*Paramètres!$E$23*$AG101*$AJ101,Paramètres!$F$23),0)} -> 0 | N101: {=IF(AND(INDEX(Profils!$H$5:$H$34,$AE101)>0,INDEX(Profils!$W$5:$W$34,$AE101)<=$AH101),ROUND(INDEX(Profils!$H$5:$H$34,$AE101)*Paramètres!$E$24*$AG101*$AJ101,Paramètres!$F$24),0)} -> 1 | O101: {=IF(AND(INDEX(Profils!$I$5:$I$34,$AE101)>0,INDEX(Profils!$X$5:$X$34,$AE101)<=$AH101),ROUND(INDEX(Profils!$I$5:$I$34,$AE101)*Paramètres!$E$25*$AG101*$AJ101,Paramètres!$F$25),0)} -> 0 | P101: {=IF(AND(INDEX(Profils!$J$5:$J$34,$AE101)>0,INDEX(Profils!$Y$5:$Y$34,$AE101)<=$AH101),ROUND(INDEX(Profils!$J$5:$J$34,$AE101)*Paramètres!$E$26*$AG101*$AJ101,Paramètres!$F$26),0)} -> 1 | Q101: {=IF(AND(INDEX(Profils!$K$5:$K$34,$AE101)>0,INDEX(Profils!$Z$5:$Z$34,$AE101)<=$AH101),ROUND(INDEX(Profils!$K$5:$K$34,$AE101)*Paramètres!$E$27*$AG101*$AJ101,Paramètres!$F$27),0)} -> 1 | R101: {=IF(AND(INDEX(Profils!$L$5:$L$34,$AE101)>0,INDEX(Profils!$AA$5:$AA$34,$AE101)<=$AH101),ROUND(INDEX(Profils!$L$5:$L$34,$AE101)*Paramètres!$E$28*$AG101*$AJ101,Paramètres!$F$28),0)} -> 0 | S101: {=IF(AND(INDEX(Profils!$M$5:$M$34,$AE101)>0,INDEX(Profils!$AB$5:$AB$34,$AE101)<=$AH101),ROUND(INDEX(Profils!$M$5:$M$34,$AE101)*Paramètres!$E$29*$AG101*$AJ101,Paramètres!$F$29),0)} -> 0 | T101: {=IF(AND(INDEX(Profils!$N$5:$N$34,$AE101)>0,INDEX(Profils!$AC$5:$AC$34,$AE101)<=$AH101),ROUND(INDEX(Profils!$N$5:$N$34,$AE101)*Paramètres!$E$30*$AG101*$AJ101,Paramètres!$F$30),0)} -> 0 | U101: {=IF(AND(INDEX(Profils!$O$5:$O$34,$AE101)>0,INDEX(Profils!$AD$5:$AD$34,$AE101)<=$AH101),ROUND(INDEX(Profils!$O$5:$O$34,$AE101)*Paramètres!$E$31*$AG101*$AJ101,Paramètres!$F$31),0)} -> 0 | V101: {=IF(AND(INDEX(Profils!$P$5:$P$34,$AE101)>0,INDEX(Profils!$AE$5:$AE$34,$AE101)<=$AH101),ROUND(INDEX(Profils!$P$5:$P$34,$AE101)*Paramètres!$E$32*$AG101*$AJ101,Paramètres!$F$32),0)} -> 0 | W101: {=IF(AND(INDEX(Profils!$Q$5:$Q$34,$AE101)>0,INDEX(Profils!$AF$5:$AF$34,$AE101)<=$AH101),ROUND(INDEX(Profils!$Q$5:$Q$34,$AE101)*Paramètres!$E$33*$AG101*$AJ101,Paramètres!$F$33),0)} -> 0 | X101: {=IF(AND(INDEX(Profils!$R$5:$R$34,$AE101)>0,INDEX(Profils!$AG$5:$AG$34,$AE101)<=$AH101),ROUND(INDEX(Profils!$R$5:$R$34,$AE101)*Paramètres!$E$34*$AG101*$AJ101,Paramètres!$F$34),0)} -> 0 | Y101: {=IF(AND(INDEX(Profils!$S$5:$S$34,$AE101)>0,INDEX(Profils!$AH$5:$AH$34,$AE101)<=$AH101),ROUND(INDEX(Profils!$S$5:$S$34,$AE101)*Paramètres!$E$35*$AG101*$AJ101,Paramètres!$F$35),0)} -> 0 | Z101: =ROUND(L101/Paramètres!$E$22+M101/Paramètres!$E$23+N101/Paramètres!$E$24+O101/Paramètres!$E$25+P101/Paramètres!$E$26+Q101/Paramètres!$E$27+R101/Paramètres!$E$28+S101/Paramètres!$E$29+T101/Paramètres!$E$30+U101/Paramètres!$E$31+V101/Paramètres!$E$32+W101/Paramètres!$E$33+X101/Paramètres!$E$34+Y101/Paramètres!$E$35,1) -> 0.4 | AA101: — | AB101: — | AC101: =$E101 -> cuir | AD101: {=IF($I101>=$AI101,"Max",ROUND(Paramètres!$B$40*($I101+1)^Paramètres!$B$41*INDEX(Paramètres!$H$6:$H$12,$AF101),0))} -> 4 | AE101: =MATCH($B101&"|"&$C101,Profils!$A$5:$A$34,0) -> 4 | AF101: 3 | AG101: {=INDEX(Paramètres!$C$6:$C$12,$AF101)} -> 1.45 | AH101: {=INDEX(Paramètres!$D$6:$D$12,$AF101)} -> 4 | AI101: {=INDEX(Matériaux!$C$16:$C$20,$D101)} -> 19 | AJ101: =Paramètres!$B$16+(1-Paramètres!$B$16)*(($J101-Paramètres!$B$14)/(Paramètres!$B$15-Paramètres!$B$14))^Paramètres!$B$17 -> 0.05
A102: GUE-BOT-P1-EPI | B102: Guerrier | C102: Botte | D102: 1 | E102: {=INDEX(Matériaux!$B$5:$F$12,MATCH(INDEX(Profils!$E$5:$E$34,$AE102),Matériaux!$A$5:$A$12,0),$D102)} -> cuir | F102: Épique | G102: {=INDEX(Profils!$D$5:$D$34,$AE102)&" en "&$E102} -> Brodequins en cuir | H102: {=INDEX(Matériaux!$B$16:$B$20,$D102)} -> 1 | I102: =IF(ISNUMBER($C$3),MIN(MAX(0,ROUND($C$3,0)),$AI102),$AI102) -> 0 | J102: =$H102+$I102 -> 1 | K102: — | L102: {=IF(AND(INDEX(Profils!$F$5:$F$34,$AE102)>0,INDEX(Profils!$U$5:$U$34,$AE102)<=$AH102),ROUND(INDEX(Profils!$F$5:$F$34,$AE102)*Paramètres!$E$22*$AG102*$AJ102,Paramètres!$F$22),0)} -> 3 | M102: {=IF(AND(INDEX(Profils!$G$5:$G$34,$AE102)>0,INDEX(Profils!$V$5:$V$34,$AE102)<=$AH102),ROUND(INDEX(Profils!$G$5:$G$34,$AE102)*Paramètres!$E$23*$AG102*$AJ102,Paramètres!$F$23),0)} -> 0 | N102: {=IF(AND(INDEX(Profils!$H$5:$H$34,$AE102)>0,INDEX(Profils!$W$5:$W$34,$AE102)<=$AH102),ROUND(INDEX(Profils!$H$5:$H$34,$AE102)*Paramètres!$E$24*$AG102*$AJ102,Paramètres!$F$24),0)} -> 1 | O102: {=IF(AND(INDEX(Profils!$I$5:$I$34,$AE102)>0,INDEX(Profils!$X$5:$X$34,$AE102)<=$AH102),ROUND(INDEX(Profils!$I$5:$I$34,$AE102)*Paramètres!$E$25*$AG102*$AJ102,Paramètres!$F$25),0)} -> 0 | P102: {=IF(AND(INDEX(Profils!$J$5:$J$34,$AE102)>0,INDEX(Profils!$Y$5:$Y$34,$AE102)<=$AH102),ROUND(INDEX(Profils!$J$5:$J$34,$AE102)*Paramètres!$E$26*$AG102*$AJ102,Paramètres!$F$26),0)} -> 1 | Q102: {=IF(AND(INDEX(Profils!$K$5:$K$34,$AE102)>0,INDEX(Profils!$Z$5:$Z$34,$AE102)<=$AH102),ROUND(INDEX(Profils!$K$5:$K$34,$AE102)*Paramètres!$E$27*$AG102*$AJ102,Paramètres!$F$27),0)} -> 1 | R102: {=IF(AND(INDEX(Profils!$L$5:$L$34,$AE102)>0,INDEX(Profils!$AA$5:$AA$34,$AE102)<=$AH102),ROUND(INDEX(Profils!$L$5:$L$34,$AE102)*Paramètres!$E$28*$AG102*$AJ102,Paramètres!$F$28),0)} -> 0 | S102: {=IF(AND(INDEX(Profils!$M$5:$M$34,$AE102)>0,INDEX(Profils!$AB$5:$AB$34,$AE102)<=$AH102),ROUND(INDEX(Profils!$M$5:$M$34,$AE102)*Paramètres!$E$29*$AG102*$AJ102,Paramètres!$F$29),0)} -> 0 | T102: {=IF(AND(INDEX(Profils!$N$5:$N$34,$AE102)>0,INDEX(Profils!$AC$5:$AC$34,$AE102)<=$AH102),ROUND(INDEX(Profils!$N$5:$N$34,$AE102)*Paramètres!$E$30*$AG102*$AJ102,Paramètres!$F$30),0)} -> 0 | U102: {=IF(AND(INDEX(Profils!$O$5:$O$34,$AE102)>0,INDEX(Profils!$AD$5:$AD$34,$AE102)<=$AH102),ROUND(INDEX(Profils!$O$5:$O$34,$AE102)*Paramètres!$E$31*$AG102*$AJ102,Paramètres!$F$31),0)} -> 2 | V102: {=IF(AND(INDEX(Profils!$P$5:$P$34,$AE102)>0,INDEX(Profils!$AE$5:$AE$34,$AE102)<=$AH102),ROUND(INDEX(Profils!$P$5:$P$34,$AE102)*Paramètres!$E$32*$AG102*$AJ102,Paramètres!$F$32),0)} -> 0 | W102: {=IF(AND(INDEX(Profils!$Q$5:$Q$34,$AE102)>0,INDEX(Profils!$AF$5:$AF$34,$AE102)<=$AH102),ROUND(INDEX(Profils!$Q$5:$Q$34,$AE102)*Paramètres!$E$33*$AG102*$AJ102,Paramètres!$F$33),0)} -> 0 | X102: {=IF(AND(INDEX(Profils!$R$5:$R$34,$AE102)>0,INDEX(Profils!$AG$5:$AG$34,$AE102)<=$AH102),ROUND(INDEX(Profils!$R$5:$R$34,$AE102)*Paramètres!$E$34*$AG102*$AJ102,Paramètres!$F$34),0)} -> 0 | Y102: {=IF(AND(INDEX(Profils!$S$5:$S$34,$AE102)>0,INDEX(Profils!$AH$5:$AH$34,$AE102)<=$AH102),ROUND(INDEX(Profils!$S$5:$S$34,$AE102)*Paramètres!$E$35*$AG102*$AJ102,Paramètres!$F$35),0)} -> 0 | Z102: =ROUND(L102/Paramètres!$E$22+M102/Paramètres!$E$23+N102/Paramètres!$E$24+O102/Paramètres!$E$25+P102/Paramètres!$E$26+Q102/Paramètres!$E$27+R102/Paramètres!$E$28+S102/Paramètres!$E$29+T102/Paramètres!$E$30+U102/Paramètres!$E$31+V102/Paramètres!$E$32+W102/Paramètres!$E$33+X102/Paramètres!$E$34+Y102/Paramètres!$E$35,1) -> 0.5 | AA102: — | AB102: — | AC102: =$E102 -> cuir | AD102: {=IF($I102>=$AI102,"Max",ROUND(Paramètres!$B$40*($I102+1)^Paramètres!$B$41*INDEX(Paramètres!$H$6:$H$12,$AF102),0))} -> 5 | AE102: =MATCH($B102&"|"&$C102,Profils!$A$5:$A$34,0) -> 4 | AF102: 4 | AG102: {=INDEX(Paramètres!$C$6:$C$12,$AF102)} -> 1.75 | AH102: {=INDEX(Paramètres!$D$6:$D$12,$AF102)} -> 5 | AI102: {=INDEX(Matériaux!$C$16:$C$20,$D102)} -> 19 | AJ102: =Paramètres!$B$16+(1-Paramètres!$B$16)*(($J102-Paramètres!$B$14)/(Paramètres!$B$15-Paramètres!$B$14))^Paramètres!$B$17 -> 0.05
A103: GUE-BOT-P1-MYT | B103: Guerrier | C103: Botte | D103: 1 | E103: {=INDEX(Matériaux!$B$5:$F$12,MATCH(INDEX(Profils!$E$5:$E$34,$AE103),Matériaux!$A$5:$A$12,0),$D103)} -> cuir | F103: Mythique | G103: {=INDEX(Profils!$D$5:$D$34,$AE103)&" en "&$E103} -> Brodequins en cuir | H103: {=INDEX(Matériaux!$B$16:$B$20,$D103)} -> 1 | I103: =IF(ISNUMBER($C$3),MIN(MAX(0,ROUND($C$3,0)),$AI103),$AI103) -> 0 | J103: =$H103+$I103 -> 1 | K103: — | L103: {=IF(AND(INDEX(Profils!$F$5:$F$34,$AE103)>0,INDEX(Profils!$U$5:$U$34,$AE103)<=$AH103),ROUND(INDEX(Profils!$F$5:$F$34,$AE103)*Paramètres!$E$22*$AG103*$AJ103,Paramètres!$F$22),0)} -> 4 | M103: {=IF(AND(INDEX(Profils!$G$5:$G$34,$AE103)>0,INDEX(Profils!$V$5:$V$34,$AE103)<=$AH103),ROUND(INDEX(Profils!$G$5:$G$34,$AE103)*Paramètres!$E$23*$AG103*$AJ103,Paramètres!$F$23),0)} -> 1 | N103: {=IF(AND(INDEX(Profils!$H$5:$H$34,$AE103)>0,INDEX(Profils!$W$5:$W$34,$AE103)<=$AH103),ROUND(INDEX(Profils!$H$5:$H$34,$AE103)*Paramètres!$E$24*$AG103*$AJ103,Paramètres!$F$24),0)} -> 2 | O103: {=IF(AND(INDEX(Profils!$I$5:$I$34,$AE103)>0,INDEX(Profils!$X$5:$X$34,$AE103)<=$AH103),ROUND(INDEX(Profils!$I$5:$I$34,$AE103)*Paramètres!$E$25*$AG103*$AJ103,Paramètres!$F$25),0)} -> 0 | P103: {=IF(AND(INDEX(Profils!$J$5:$J$34,$AE103)>0,INDEX(Profils!$Y$5:$Y$34,$AE103)<=$AH103),ROUND(INDEX(Profils!$J$5:$J$34,$AE103)*Paramètres!$E$26*$AG103*$AJ103,Paramètres!$F$26),0)} -> 2 | Q103: {=IF(AND(INDEX(Profils!$K$5:$K$34,$AE103)>0,INDEX(Profils!$Z$5:$Z$34,$AE103)<=$AH103),ROUND(INDEX(Profils!$K$5:$K$34,$AE103)*Paramètres!$E$27*$AG103*$AJ103,Paramètres!$F$27),0)} -> 1 | R103: {=IF(AND(INDEX(Profils!$L$5:$L$34,$AE103)>0,INDEX(Profils!$AA$5:$AA$34,$AE103)<=$AH103),ROUND(INDEX(Profils!$L$5:$L$34,$AE103)*Paramètres!$E$28*$AG103*$AJ103,Paramètres!$F$28),0)} -> 0 | S103: {=IF(AND(INDEX(Profils!$M$5:$M$34,$AE103)>0,INDEX(Profils!$AB$5:$AB$34,$AE103)<=$AH103),ROUND(INDEX(Profils!$M$5:$M$34,$AE103)*Paramètres!$E$29*$AG103*$AJ103,Paramètres!$F$29),0)} -> 0 | T103: {=IF(AND(INDEX(Profils!$N$5:$N$34,$AE103)>0,INDEX(Profils!$AC$5:$AC$34,$AE103)<=$AH103),ROUND(INDEX(Profils!$N$5:$N$34,$AE103)*Paramètres!$E$30*$AG103*$AJ103,Paramètres!$F$30),0)} -> 0 | U103: {=IF(AND(INDEX(Profils!$O$5:$O$34,$AE103)>0,INDEX(Profils!$AD$5:$AD$34,$AE103)<=$AH103),ROUND(INDEX(Profils!$O$5:$O$34,$AE103)*Paramètres!$E$31*$AG103*$AJ103,Paramètres!$F$31),0)} -> 2 | V103: {=IF(AND(INDEX(Profils!$P$5:$P$34,$AE103)>0,INDEX(Profils!$AE$5:$AE$34,$AE103)<=$AH103),ROUND(INDEX(Profils!$P$5:$P$34,$AE103)*Paramètres!$E$32*$AG103*$AJ103,Paramètres!$F$32),0)} -> 0 | W103: {=IF(AND(INDEX(Profils!$Q$5:$Q$34,$AE103)>0,INDEX(Profils!$AF$5:$AF$34,$AE103)<=$AH103),ROUND(INDEX(Profils!$Q$5:$Q$34,$AE103)*Paramètres!$E$33*$AG103*$AJ103,Paramètres!$F$33),0)} -> 0 | X103: {=IF(AND(INDEX(Profils!$R$5:$R$34,$AE103)>0,INDEX(Profils!$AG$5:$AG$34,$AE103)<=$AH103),ROUND(INDEX(Profils!$R$5:$R$34,$AE103)*Paramètres!$E$34*$AG103*$AJ103,Paramètres!$F$34),0)} -> 0 | Y103: {=IF(AND(INDEX(Profils!$S$5:$S$34,$AE103)>0,INDEX(Profils!$AH$5:$AH$34,$AE103)<=$AH103),ROUND(INDEX(Profils!$S$5:$S$34,$AE103)*Paramètres!$E$35*$AG103*$AJ103,Paramètres!$F$35),0)} -> 0 | Z103: =ROUND(L103/Paramètres!$E$22+M103/Paramètres!$E$23+N103/Paramètres!$E$24+O103/Paramètres!$E$25+P103/Paramètres!$E$26+Q103/Paramètres!$E$27+R103/Paramètres!$E$28+S103/Paramètres!$E$29+T103/Paramètres!$E$30+U103/Paramètres!$E$31+V103/Paramètres!$E$32+W103/Paramètres!$E$33+X103/Paramètres!$E$34+Y103/Paramètres!$E$35,1) -> 0.7 | AA103: — | AB103: — | AC103: =$E103 -> cuir | AD103: {=IF($I103>=$AI103,"Max",ROUND(Paramètres!$B$40*($I103+1)^Paramètres!$B$41*INDEX(Paramètres!$H$6:$H$12,$AF103),0))} -> 6 | AE103: =MATCH($B103&"|"&$C103,Profils!$A$5:$A$34,0) -> 4 | AF103: 5 | AG103: {=INDEX(Paramètres!$C$6:$C$12,$AF103)} -> 2.1 | AH103: {=INDEX(Paramètres!$D$6:$D$12,$AF103)} -> 6 | AI103: {=INDEX(Matériaux!$C$16:$C$20,$D103)} -> 19 | AJ103: =Paramètres!$B$16+(1-Paramètres!$B$16)*(($J103-Paramètres!$B$14)/(Paramètres!$B$15-Paramètres!$B$14))^Paramètres!$B$17 -> 0.05
A104: GUE-BOT-P1-LEG | B104: Guerrier | C104: Botte | D104: 1 | E104: {=INDEX(Matériaux!$B$5:$F$12,MATCH(INDEX(Profils!$E$5:$E$34,$AE104),Matériaux!$A$5:$A$12,0),$D104)} -> cuir | F104: Légendaire | G104: {=INDEX(Profils!$D$5:$D$34,$AE104)&" en "&$E104} -> Brodequins en cuir | H104: {=INDEX(Matériaux!$B$16:$B$20,$D104)} -> 1 | I104: =IF(ISNUMBER($C$3),MIN(MAX(0,ROUND($C$3,0)),$AI104),$AI104) -> 0 | J104: =$H104+$I104 -> 1 | K104: — | L104: {=IF(AND(INDEX(Profils!$F$5:$F$34,$AE104)>0,INDEX(Profils!$U$5:$U$34,$AE104)<=$AH104),ROUND(INDEX(Profils!$F$5:$F$34,$AE104)*Paramètres!$E$22*$AG104*$AJ104,Paramètres!$F$22),0)} -> 4 | M104: {=IF(AND(INDEX(Profils!$G$5:$G$34,$AE104)>0,INDEX(Profils!$V$5:$V$34,$AE104)<=$AH104),ROUND(INDEX(Profils!$G$5:$G$34,$AE104)*Paramètres!$E$23*$AG104*$AJ104,Paramètres!$F$23),0)} -> 1 | N104: {=IF(AND(INDEX(Profils!$H$5:$H$34,$AE104)>0,INDEX(Profils!$W$5:$W$34,$AE104)<=$AH104),ROUND(INDEX(Profils!$H$5:$H$34,$AE104)*Paramètres!$E$24*$AG104*$AJ104,Paramètres!$F$24),0)} -> 2 | O104: {=IF(AND(INDEX(Profils!$I$5:$I$34,$AE104)>0,INDEX(Profils!$X$5:$X$34,$AE104)<=$AH104),ROUND(INDEX(Profils!$I$5:$I$34,$AE104)*Paramètres!$E$25*$AG104*$AJ104,Paramètres!$F$25),0)} -> 0 | P104: {=IF(AND(INDEX(Profils!$J$5:$J$34,$AE104)>0,INDEX(Profils!$Y$5:$Y$34,$AE104)<=$AH104),ROUND(INDEX(Profils!$J$5:$J$34,$AE104)*Paramètres!$E$26*$AG104*$AJ104,Paramètres!$F$26),0)} -> 2 | Q104: {=IF(AND(INDEX(Profils!$K$5:$K$34,$AE104)>0,INDEX(Profils!$Z$5:$Z$34,$AE104)<=$AH104),ROUND(INDEX(Profils!$K$5:$K$34,$AE104)*Paramètres!$E$27*$AG104*$AJ104,Paramètres!$F$27),0)} -> 1 | R104: {=IF(AND(INDEX(Profils!$L$5:$L$34,$AE104)>0,INDEX(Profils!$AA$5:$AA$34,$AE104)<=$AH104),ROUND(INDEX(Profils!$L$5:$L$34,$AE104)*Paramètres!$E$28*$AG104*$AJ104,Paramètres!$F$28),0)} -> 0 | S104: {=IF(AND(INDEX(Profils!$M$5:$M$34,$AE104)>0,INDEX(Profils!$AB$5:$AB$34,$AE104)<=$AH104),ROUND(INDEX(Profils!$M$5:$M$34,$AE104)*Paramètres!$E$29*$AG104*$AJ104,Paramètres!$F$29),0)} -> 0 | T104: {=IF(AND(INDEX(Profils!$N$5:$N$34,$AE104)>0,INDEX(Profils!$AC$5:$AC$34,$AE104)<=$AH104),ROUND(INDEX(Profils!$N$5:$N$34,$AE104)*Paramètres!$E$30*$AG104*$AJ104,Paramètres!$F$30),0)} -> 0 | U104: {=IF(AND(INDEX(Profils!$O$5:$O$34,$AE104)>0,INDEX(Profils!$AD$5:$AD$34,$AE104)<=$AH104),ROUND(INDEX(Profils!$O$5:$O$34,$AE104)*Paramètres!$E$31*$AG104*$AJ104,Paramètres!$F$31),0)} -> 2 | V104: {=IF(AND(INDEX(Profils!$P$5:$P$34,$AE104)>0,INDEX(Profils!$AE$5:$AE$34,$AE104)<=$AH104),ROUND(INDEX(Profils!$P$5:$P$34,$AE104)*Paramètres!$E$32*$AG104*$AJ104,Paramètres!$F$32),0)} -> 0 | W104: {=IF(AND(INDEX(Profils!$Q$5:$Q$34,$AE104)>0,INDEX(Profils!$AF$5:$AF$34,$AE104)<=$AH104),ROUND(INDEX(Profils!$Q$5:$Q$34,$AE104)*Paramètres!$E$33*$AG104*$AJ104,Paramètres!$F$33),0)} -> 0.001 | X104: {=IF(AND(INDEX(Profils!$R$5:$R$34,$AE104)>0,INDEX(Profils!$AG$5:$AG$34,$AE104)<=$AH104),ROUND(INDEX(Profils!$R$5:$R$34,$AE104)*Paramètres!$E$34*$AG104*$AJ104,Paramètres!$F$34),0)} -> 0 | Y104: {=IF(AND(INDEX(Profils!$S$5:$S$34,$AE104)>0,INDEX(Profils!$AH$5:$AH$34,$AE104)<=$AH104),ROUND(INDEX(Profils!$S$5:$S$34,$AE104)*Paramètres!$E$35*$AG104*$AJ104,Paramètres!$F$35),0)} -> 0 | Z104: =ROUND(L104/Paramètres!$E$22+M104/Paramètres!$E$23+N104/Paramètres!$E$24+O104/Paramètres!$E$25+P104/Paramètres!$E$26+Q104/Paramètres!$E$27+R104/Paramètres!$E$28+S104/Paramètres!$E$29+T104/Paramètres!$E$30+U104/Paramètres!$E$31+V104/Paramètres!$E$32+W104/Paramètres!$E$33+X104/Paramètres!$E$34+Y104/Paramètres!$E$35,1) -> 0.8 | AA104: — | AB104: — | AC104: =$E104 -> cuir | AD104: {=IF($I104>=$AI104,"Max",ROUND(Paramètres!$B$40*($I104+1)^Paramètres!$B$41*INDEX(Paramètres!$H$6:$H$12,$AF104),0))} -> 8 | AE104: =MATCH($B104&"|"&$C104,Profils!$A$5:$A$34,0) -> 4 | AF104: 6 | AG104: {=INDEX(Paramètres!$C$6:$C$12,$AF104)} -> 2.4 | AH104: {=INDEX(Paramètres!$D$6:$D$12,$AF104)} -> 7 | AI104: {=INDEX(Matériaux!$C$16:$C$20,$D104)} -> 19 | AJ104: =Paramètres!$B$16+(1-Paramètres!$B$16)*(($J104-Paramètres!$B$14)/(Paramètres!$B$15-Paramètres!$B$14))^Paramètres!$B$17 -> 0.05
A105: GUE-BOT-P2-COM | B105: Guerrier | C105: Botte | D105: 2 | E105: {=INDEX(Matériaux!$B$5:$F$12,MATCH(INDEX(Profils!$E$5:$E$34,$AE105),Matériaux!$A$5:$A$12,0),$D105)} -> fer | F105: Commun | G105: {=INDEX(Profils!$D$5:$D$34,$AE105)&" en "&$E105} -> Brodequins en fer | H105: {=INDEX(Matériaux!$B$16:$B$20,$D105)} -> 15 | I105: =IF(ISNUMBER($C$3),MIN(MAX(0,ROUND($C$3,0)),$AI105),$AI105) -> 0 | J105: =$H105+$I105 -> 15 | K105: — | L105: {=IF(AND(INDEX(Profils!$F$5:$F$34,$AE105)>0,INDEX(Profils!$U$5:$U$34,$AE105)<=$AH105),ROUND(INDEX(Profils!$F$5:$F$34,$AE105)*Paramètres!$E$22*$AG105*$AJ105,Paramètres!$F$22),0)} -> 5 | M105: {=IF(AND(INDEX(Profils!$G$5:$G$34,$AE105)>0,INDEX(Profils!$V$5:$V$34,$AE105)<=$AH105),ROUND(INDEX(Profils!$G$5:$G$34,$AE105)*Paramètres!$E$23*$AG105*$AJ105,Paramètres!$F$23),0)} -> 0 | N105: {=IF(AND(INDEX(Profils!$H$5:$H$34,$AE105)>0,INDEX(Profils!$W$5:$W$34,$AE105)<=$AH105),ROUND(INDEX(Profils!$H$5:$H$34,$AE105)*Paramètres!$E$24*$AG105*$AJ105,Paramètres!$F$24),0)} -> 0 | O105: {=IF(AND(INDEX(Profils!$I$5:$I$34,$AE105)>0,INDEX(Profils!$X$5:$X$34,$AE105)<=$AH105),ROUND(INDEX(Profils!$I$5:$I$34,$AE105)*Paramètres!$E$25*$AG105*$AJ105,Paramètres!$F$25),0)} -> 0 | P105: {=IF(AND(INDEX(Profils!$J$5:$J$34,$AE105)>0,INDEX(Profils!$Y$5:$Y$34,$AE105)<=$AH105),ROUND(INDEX(Profils!$J$5:$J$34,$AE105)*Paramètres!$E$26*$AG105*$AJ105,Paramètres!$F$26),0)} -> 2 | Q105: {=IF(AND(INDEX(Profils!$K$5:$K$34,$AE105)>0,INDEX(Profils!$Z$5:$Z$34,$AE105)<=$AH105),ROUND(INDEX(Profils!$K$5:$K$34,$AE105)*Paramètres!$E$27*$AG105*$AJ105,Paramètres!$F$27),0)} -> 0 | R105: {=IF(AND(INDEX(Profils!$L$5:$L$34,$AE105)>0,INDEX(Profils!$AA$5:$AA$34,$AE105)<=$AH105),ROUND(INDEX(Profils!$L$5:$L$34,$AE105)*Paramètres!$E$28*$AG105*$AJ105,Paramètres!$F$28),0)} -> 0 | S105: {=IF(AND(INDEX(Profils!$M$5:$M$34,$AE105)>0,INDEX(Profils!$AB$5:$AB$34,$AE105)<=$AH105),ROUND(INDEX(Profils!$M$5:$M$34,$AE105)*Paramètres!$E$29*$AG105*$AJ105,Paramètres!$F$29),0)} -> 0 | T105: {=IF(AND(INDEX(Profils!$N$5:$N$34,$AE105)>0,INDEX(Profils!$AC$5:$AC$34,$AE105)<=$AH105),ROUND(INDEX(Profils!$N$5:$N$34,$AE105)*Paramètres!$E$30*$AG105*$AJ105,Paramètres!$F$30),0)} -> 0 | U105: {=IF(AND(INDEX(Profils!$O$5:$O$34,$AE105)>0,INDEX(Profils!$AD$5:$AD$34,$AE105)<=$AH105),ROUND(INDEX(Profils!$O$5:$O$34,$AE105)*Paramètres!$E$31*$AG105*$AJ105,Paramètres!$F$31),0)} -> 0 | V105: {=IF(AND(INDEX(Profils!$P$5:$P$34,$AE105)>0,INDEX(Profils!$AE$5:$AE$34,$AE105)<=$AH105),ROUND(INDEX(Profils!$P$5:$P$34,$AE105)*Paramètres!$E$32*$AG105*$AJ105,Paramètres!$F$32),0)} -> 0 | W105: {=IF(AND(INDEX(Profils!$Q$5:$Q$34,$AE105)>0,INDEX(Profils!$AF$5:$AF$34,$AE105)<=$AH105),ROUND(INDEX(Profils!$Q$5:$Q$34,$AE105)*Paramètres!$E$33*$AG105*$AJ105,Paramètres!$F$33),0)} -> 0 | X105: {=IF(AND(INDEX(Profils!$R$5:$R$34,$AE105)>0,INDEX(Profils!$AG$5:$AG$34,$AE105)<=$AH105),ROUND(INDEX(Profils!$R$5:$R$34,$AE105)*Paramètres!$E$34*$AG105*$AJ105,Paramètres!$F$34),0)} -> 0 | Y105: {=IF(AND(INDEX(Profils!$S$5:$S$34,$AE105)>0,INDEX(Profils!$AH$5:$AH$34,$AE105)<=$AH105),ROUND(INDEX(Profils!$S$5:$S$34,$AE105)*Paramètres!$E$35*$AG105*$AJ105,Paramètres!$F$35),0)} -> 0 | Z105: =ROUND(L105/Paramètres!$E$22+M105/Paramètres!$E$23+N105/Paramètres!$E$24+O105/Paramètres!$E$25+P105/Paramètres!$E$26+Q105/Paramètres!$E$27+R105/Paramètres!$E$28+S105/Paramètres!$E$29+T105/Paramètres!$E$30+U105/Paramètres!$E$31+V105/Paramètres!$E$32+W105/Paramètres!$E$33+X105/Paramètres!$E$34+Y105/Paramètres!$E$35,1) -> 0.4 | AA105: — | AB105: — | AC105: =$E105 -> fer | AD105: {=IF($I105>=$AI105,"Max",ROUND(Paramètres!$B$40*($I105+1)^Paramètres!$B$41*INDEX(Paramètres!$H$6:$H$12,$AF105),0))} -> 3 | AE105: =MATCH($B105&"|"&$C105,Profils!$A$5:$A$34,0) -> 4 | AF105: 1 | AG105: {=INDEX(Paramètres!$C$6:$C$12,$AF105)} -> 1 | AH105: {=INDEX(Paramètres!$D$6:$D$12,$AF105)} -> 2 | AI105: {=INDEX(Matériaux!$C$16:$C$20,$D105)} -> 20 | AJ105: =Paramètres!$B$16+(1-Paramètres!$B$16)*(($J105-Paramètres!$B$14)/(Paramètres!$B$15-Paramètres!$B$14))^Paramètres!$B$17 -> 0.14084793
